title,company,location,link
[Search & Clova] Clova AI 인재,네이버,대한민국,https://kr.indeed.com/%EC%B1%84%EC%9A%A9%EB%B3%B4%EA%B8%B0?jk=92bd400e3b5306ba
Associate Application Engineer OPC,Siemens AG,경기도 성남,https://kr.indeed.com/%EC%B1%84%EC%9A%A9%EB%B3%B4%EA%B8%B0?jk=0325380fce16f73b
[Search & Clova] Clova 체험형 인턴,네이버,대한민국,https://kr.indeed.com/%EC%B1%84%EC%9A%A9%EB%B3%B4%EA%B8%B0?jk=b4b6ee0fd83b8ce1
[Search & Clova] BigData and AI Platform S/W엔지니어 (경력/신입),네이버,대한민국,https://kr.indeed.com/%EC%B1%84%EC%9A%A9%EB%B3%B4%EA%B8%B0?jk=7d85150a375cfacf
[Search & Clova] Clova 신입 및 경력사원,네이버,대한민국,https://kr.indeed.com/%EC%B1%84%EC%9A%A9%EB%B3%B4%EA%B8%B0?jk=f3db6cf2ca577cac
분석실 - 베이지안 분석 전문가,Nexon,성남 분당구,https://kr.indeed.com/%EC%B1%84%EC%9A%A9%EB%B3%B4%EA%B8%B0?jk=19b44e0d17d112e2
제2019-3회 수리 및 계산과학 연구단 데이터사이언스그룹 연구직(비영년직트랙),기초과학연구원,대전,https://kr.indeed.com/%EC%B1%84%EC%9A%A9%EB%B3%B4%EA%B8%B0?jk=052c5ec3d233c158
Undergrad Intern - Software Engineer,Intel,서울,https://kr.indeed.com/%EC%B1%84%EC%9A%A9%EB%B3%B4%EA%B8%B0?jk=330072f3730ee5a9
분석지원팀 - 데이터 분석가,Nexon,성남 분당구,https://kr.indeed.com/%EC%B1%84%EC%9A%A9%EB%B3%B4%EA%B8%B0?jk=4233609a843b5e96
[Sanofi/사노피] Data Analytics Specialist,사노피-아벤티스 코리아,서울 서초구,https://kr.indeed.com/%EC%B1%84%EC%9A%A9%EB%B3%B4%EA%B8%B0?jk=fa6d35b6833b2641
[Search & Clova] NAVER Search 이미지 검색서버개발 신입/경력사원,네이버,대한민국,https://kr.indeed.com/%EC%B1%84%EC%9A%A9%EB%B3%B4%EA%B8%B0?jk=a771637c0eeffc26
(주)웨이브웨어 2020 년도 신입사원 (프로그래머),웨이브웨어,대전 유성구,https://kr.indeed.com/%EC%B1%84%EC%9A%A9%EB%B3%B4%EA%B8%B0?jk=5b35dc1e8525140c
"[월간 카카오 12월] 데이터 사이언티스트, 데이터 플랫폼개발자",카카오,대한민국,https://kr.indeed.com/%EC%B1%84%EC%9A%A9%EB%B3%B4%EA%B8%B0?jk=31d3737189b11c13
"Front End Software Engineer, TensorFlow",Google,서울,https://kr.indeed.com/%EC%B1%84%EC%9A%A9%EB%B3%B4%EA%B8%B0?jk=bb22e1b9b7683013
"소형, 제조혁신센터 경력",삼성SDI,대한민국,https://kr.indeed.com/%EC%B1%84%EC%9A%A9%EB%B3%B4%EA%B8%B0?jk=89c6e7215f9d20b5
메시지발송 플랫폼 개발자,Nexon,성남 분당구,https://kr.indeed.com/%EC%B1%84%EC%9A%A9%EB%B3%B4%EA%B8%B0?jk=eaee1538d8cc832f
"(NIT Service)NAVER, LINE 서비스 플랫폼 운영",엔아이티서비스,성남 삼평동,https://kr.indeed.com/%EC%B1%84%EC%9A%A9%EB%B3%B4%EA%B8%B0?jk=1430eaea8faa4c39
추천 시스템 연구/개발,카카오,성남 판교역,https://kr.indeed.com/%EC%B1%84%EC%9A%A9%EB%B3%B4%EA%B8%B0?jk=be6c1f03fa566f8e
시스템엔지니어,Nexon,성남 분당구,https://kr.indeed.com/%EC%B1%84%EC%9A%A9%EB%B3%B4%EA%B8%B0?jk=d6802c2215aa9f6f
비즈니스 분석가(Business Analyst) 영입,카카오페이,성남 백현동,https://kr.indeed.com/%EC%B1%84%EC%9A%A9%EB%B3%B4%EA%B8%B0?jk=c2c1ab0ed507c4e2
Oracle Linux and Oracle VM Product Support (Engilish & Korean),Oracle,서울,https://kr.indeed.com/%EC%B1%84%EC%9A%A9%EB%B3%B4%EA%B8%B0?jk=dcab929554f1e1e7
데이터 분석가,카카오,성남 판교역,https://kr.indeed.com/%EC%B1%84%EC%9A%A9%EB%B3%B4%EA%B8%B0?jk=092d062a6faa7139
Algorithm Application Engineer,Garrett Advancing Motion,경기도,https://kr.indeed.com/%EC%B1%84%EC%9A%A9%EB%B3%B4%EA%B8%B0?jk=8c47e8f334705d2e
추천 통계분석/데이터사이언티스트,Ground X,성남 판교역,https://kr.indeed.com/%EC%B1%84%EC%9A%A9%EB%B3%B4%EA%B8%B0?jk=bfe0f5ac4f32ec89
분석 플랫폼 웹 프론트 엔지니어,Nexon,성남 분당구,https://kr.indeed.com/%EC%B1%84%EC%9A%A9%EB%B3%B4%EA%B8%B0?jk=eeb027369cdab361
카카오톡 보이스톡/페이스톡/라이브톡 개발자,카카오,성남 판교역,https://kr.indeed.com/%EC%B1%84%EC%9A%A9%EB%B3%B4%EA%B8%B0?jk=d585814d097935eb
2019 Military Service Exemption Position Available at the IBS CMCM (Synthetic Organic/Polymer Chemistry OR Theoretical Study of Carbon and Related Materials),울산과학기술원,울산 언양읍,https://kr.indeed.com/%EC%B1%84%EC%9A%A9%EB%B3%B4%EA%B8%B0?jk=8becbf73bbda7c96
"Python/Java,Spark 기반 개발 및 웹개발자 (경력/신입) 정규직",아이티존,대전 유성구,https://kr.indeed.com/%EC%B1%84%EC%9A%A9%EB%B3%B4%EA%B8%B0?jk=7e759712f25537da
카카오톡 서버 개발자,카카오모빌리티,성남 판교역,https://kr.indeed.com/%EC%B1%84%EC%9A%A9%EB%B3%B4%EA%B8%B0?jk=21f720e55bab4c8d
[관계사] 카카오페이 비즈니스 분석가(Business Analyst),카카오,대한민국,https://kr.indeed.com/%EC%B1%84%EC%9A%A9%EB%B3%B4%EA%B8%B0?jk=818e4f1d49f7182f
대용량 분산 스토리지 개발자,카카오,성남 판교역,https://kr.indeed.com/%EC%B1%84%EC%9A%A9%EB%B3%B4%EA%B8%B0?jk=37d1f6dbb37f8a38
[Search & Clova]검색서비스 FE 개발 및 운영 경력사원,네이버,대한민국,https://kr.indeed.com/%EC%B1%84%EC%9A%A9%EB%B3%B4%EA%B8%B0?jk=5070ee3c1c449a1a
H/W application Engineer,Qualcomm,서울,https://kr.indeed.com/%EC%B1%84%EC%9A%A9%EB%B3%B4%EA%B8%B0?jk=9425313d3f425da7
데스크탑 가상화(VDI) 엔지니어,카카오모빌리티,성남 판교역,https://kr.indeed.com/%EC%B1%84%EC%9A%A9%EB%B3%B4%EA%B8%B0?jk=530a598184580c95
[신입/경력] Python 개발자 - 인천 청라,인피닉,인천 중구,https://kr.indeed.com/%EC%B1%84%EC%9A%A9%EB%B3%B4%EA%B8%B0?jk=ce7fd95d9ce72a62
[Search & Clova] 네이버 웹검색 연구/개발 경력사원,네이버,대한민국,https://kr.indeed.com/%EC%B1%84%EC%9A%A9%EB%B3%B4%EA%B8%B0?jk=37127548f83bb7f7
[Search&Clova] Clova 머신러닝 Scientist 개발 신입/경력사원,네이버,대한민국,https://kr.indeed.com/%EC%B1%84%EC%9A%A9%EB%B3%B4%EA%B8%B0?jk=257110e5aec08f6d
[관계사] 카카오엔터프라이즈 데이터 분석가,카카오,대한민국,https://kr.indeed.com/%EC%B1%84%EC%9A%A9%EB%B3%B4%EA%B8%B0?jk=7c2228a8e7c31540
경력 및 신입직원,KIS채권평가,대한민국,https://kr.indeed.com/%EC%B1%84%EC%9A%A9%EB%B3%B4%EA%B8%B0?jk=557b3d9aae378005
"데이터 가치 함께 발굴하실 머신러닝, 통계 모델링 전문가",카카오,성남 판교역,https://kr.indeed.com/%EC%B1%84%EC%9A%A9%EB%B3%B4%EA%B8%B0?jk=d1e75364ef505c68
"MVP 개발 엔지니어(서버, 웹프론트) (정규직, 계약직, 프리랜서)",더테스터,대전 중구,https://kr.indeed.com/%EC%B1%84%EC%9A%A9%EB%B3%B4%EA%B8%B0?jk=1748baa27965fdbf
[Search & Clova] 파파고 Software Engineer 경력사원,네이버,대한민국,https://kr.indeed.com/%EC%B1%84%EC%9A%A9%EB%B3%B4%EA%B8%B0?jk=80f1a9fe40a6c290
자산운용본부/전략기획본부 인턴,브이아이피자산운용,대한민국,https://kr.indeed.com/%EC%B1%84%EC%9A%A9%EB%B3%B4%EA%B8%B0?jk=d1d0f9bfa7226166
[개발]위메프오 서비스 개발총괄(정규직),위메프,대한민국,https://kr.indeed.com/%EC%B1%84%EC%9A%A9%EB%B3%B4%EA%B8%B0?jk=003c11fc393d77d7
테크빌더팀 - 개발자 (프론트앤드),Nexon,성남 분당구,https://kr.indeed.com/%EC%B1%84%EC%9A%A9%EB%B3%B4%EA%B8%B0?jk=ddbea73728157cac
[Search&Clova] Clova 챗봇 Platform 개발 신입/경력사원,네이버,대한민국,https://kr.indeed.com/%EC%B1%84%EC%9A%A9%EB%B3%B4%EA%B8%B0?jk=b2cfcc7d4b79c216
[멜론] 빅데이터 서비스 개발자,dk techin,성남 판교역,https://kr.indeed.com/%EC%B1%84%EC%9A%A9%EB%B3%B4%EA%B8%B0?jk=3e2a310c9dd0f693
광고팀 - 분석가,Nexon,성남 분당구,https://kr.indeed.com/%EC%B1%84%EC%9A%A9%EB%B3%B4%EA%B8%B0?jk=3a08c7089343733d
[카카오 클라우드] 플랫폼 포털 개발자,카카오,성남 판교역,https://kr.indeed.com/%EC%B1%84%EC%9A%A9%EB%B3%B4%EA%B8%B0?jk=383d4c8a7156b52b
Software Engineer / Sr. Software Engineer(C++ / Python Developer),Nielsen,서울,https://kr.indeed.com/%EC%B1%84%EC%9A%A9%EB%B3%B4%EA%B8%B0?jk=686cdc6df95f159f
Physical Implementation Engineer,SiFive,대한민국,https://kr.indeed.com/%EC%B1%84%EC%9A%A9%EB%B3%B4%EA%B8%B0?jk=55537575b7dd8d87
데이터 사이언스 전문가 및 머신러닝 전문가,카카오,성남 판교역,https://kr.indeed.com/%EC%B1%84%EC%9A%A9%EB%B3%B4%EA%B8%B0?jk=85929aac498299cc
[개발]신사업 프론트 개발자(정규직),위메프,대한민국,https://kr.indeed.com/%EC%B1%84%EC%9A%A9%EB%B3%B4%EA%B8%B0?jk=4a15477d2c1a28a0
Data Analytics specialist,Sanofi,서울,https://kr.indeed.com/%EC%B1%84%EC%9A%A9%EB%B3%B4%EA%B8%B0?jk=6eefdf7d9fa7e6a3
솔루션 프론트엔드 개발자,Nexon,성남 분당구,https://kr.indeed.com/%EC%B1%84%EC%9A%A9%EB%B3%B4%EA%B8%B0?jk=273d830a0c62aedd
Undergrad Intern - Computer Vision/Machine Learning,Intel,서울,https://kr.indeed.com/%EC%B1%84%EC%9A%A9%EB%B3%B4%EA%B8%B0?jk=b2253ab4c8e59e33
인프라 서비스 플랫폼 개발자,스테이지파이브,성남 판교역,https://kr.indeed.com/%EC%B1%84%EC%9A%A9%EB%B3%B4%EA%B8%B0?jk=b4e96a7dcac2f50a
룰루랩-삼성전자C-Lab기업 전문연구요원 (AI알고리즘),룰루랩,서울 강남구,https://kr.indeed.com/%EC%B1%84%EC%9A%A9%EB%B3%B4%EA%B8%B0?jk=81b66348f6e4a9db
[관계사] 카카오모빌리티 보안엔지니어,카카오,대한민국,https://kr.indeed.com/%EC%B1%84%EC%9A%A9%EB%B3%B4%EA%B8%B0?jk=efa813baa92336d6
테크빌더팀 - 개발자 (백앤드),Nexon,성남 분당구,https://kr.indeed.com/%EC%B1%84%EC%9A%A9%EB%B3%B4%EA%B8%B0?jk=6d527590548dbcab
[관계사] 카카오엔터프라이즈 검색플랫폼 검색시스템 개발자,카카오엔터프라이즈,대한민국,https://kr.indeed.com/%EC%B1%84%EC%9A%A9%EB%B3%B4%EA%B8%B0?jk=4e8ff3633a7c1c80
Support Engineer,Microsoft,서울,https://kr.indeed.com/%EC%B1%84%EC%9A%A9%EB%B3%B4%EA%B8%B0?jk=0bbf23c0930be392
Data Scientist,Supercell,서울,https://kr.indeed.com/%EC%B1%84%EC%9A%A9%EB%B3%B4%EA%B8%B0?jk=554c2e55cc985488
[배민서비스실] 소프트웨어 품질 엔지니어,우아한 형제들,서울 송파구,https://kr.indeed.com/%EC%B1%84%EC%9A%A9%EB%B3%B4%EA%B8%B0?jk=8dfd75b2964c9c47
데이터연동개발팀 - 데이터엔지니어,Nexon,성남 분당구,https://kr.indeed.com/%EC%B1%84%EC%9A%A9%EB%B3%B4%EA%B8%B0?jk=83afcd111984f51c
직원,KIS채권평가,대한민국,https://kr.indeed.com/%EC%B1%84%EC%9A%A9%EB%B3%B4%EA%B8%B0?jk=22e47a04b651ae84
[반도체IP 기업] Video Codec - RTL Design/Verification (Jr/Sr급),커리어라임즈,서울,https://kr.indeed.com/%EC%B1%84%EC%9A%A9%EB%B3%B4%EA%B8%B0?jk=610fceacf4f96081
머신러닝/딥러닝,NHN,성남 판교역,https://kr.indeed.com/%EC%B1%84%EC%9A%A9%EB%B3%B4%EA%B8%B0?jk=cd8ee27085e6a2ff
Linux/Python/PHP/MySQL/백엔드 정규직 경력,일루미나리안,용인 보정동,https://kr.indeed.com/%EC%B1%84%EC%9A%A9%EB%B3%B4%EA%B8%B0?jk=04d685fc70b67d4e
Lead Application Backend Developer – Mobile,BOEING,서울,https://kr.indeed.com/%EC%B1%84%EC%9A%A9%EB%B3%B4%EA%B8%B0?jk=8624753c574a9d25
교보악사자산운용 QUANT팀,교보악사자산운용,대한민국,https://kr.indeed.com/%EC%B1%84%EC%9A%A9%EB%B3%B4%EA%B8%B0?jk=a24b1ac91024ce54
데이터 플랫폼 개발,NHN PAYCO,성남 판교역,https://kr.indeed.com/%EC%B1%84%EC%9A%A9%EB%B3%B4%EA%B8%B0?jk=a65baa1929f29393
[관계사] 카카오페이 데이터 사이언티스트(Data Scientist),카카오페이,대한민국,https://kr.indeed.com/%EC%B1%84%EC%9A%A9%EB%B3%B4%EA%B8%B0?jk=25351f9ce2b78194
소프트웨어 개발 지원,에스티앤아이,울산 중구,https://kr.indeed.com/%EC%B1%84%EC%9A%A9%EB%B3%B4%EA%B8%B0?jk=68c14a5d14838034
R&D 연구원 신입 정규직,스칼라웍스,서울 금천구,https://kr.indeed.com/%EC%B1%84%EC%9A%A9%EB%B3%B4%EA%B8%B0?jk=70f513e9782febab
[관계사] 카카오엔터프라이즈 검색플랫폼 빅데이터 분석 및 AI 개발자,카카오엔터프라이즈,대한민국,https://kr.indeed.com/%EC%B1%84%EC%9A%A9%EB%B3%B4%EA%B8%B0?jk=5a1e5f692cb9bd82
(상시) 인공지능 플랫폼 전문가,에셋플러스자산운용,대한민국,https://kr.indeed.com/%EC%B1%84%EC%9A%A9%EB%B3%B4%EA%B8%B0?jk=5a3704a451412c98
멜론 서비스 데이터 분석 및 개발자,카카오,성남 판교역,https://kr.indeed.com/%EC%B1%84%EC%9A%A9%EB%B3%B4%EA%B8%B0?jk=8f0dfcd582982dcb
니트머스 광고 솔루션 개발(Python),니트머스,서울 명동,https://kr.indeed.com/%EC%B1%84%EC%9A%A9%EB%B3%B4%EA%B8%B0?jk=433026a91ad88cf1
[관계사] 카카오엔터프라이즈 클라우드플랫폼 네트워크 엔지니어,카카오엔터프라이즈,대한민국,https://kr.indeed.com/%EC%B1%84%EC%9A%A9%EB%B3%B4%EA%B8%B0?jk=435fd002f0b73992
[관계사] 카카오엔터프라이즈 클라우드 인프라 엔지니어,카카오엔터프라이즈,대한민국,https://kr.indeed.com/%EC%B1%84%EC%9A%A9%EB%B3%B4%EA%B8%B0?jk=7500f951e11753a3
정답형 검색 서비스 개발자,네이버,대한민국,https://kr.indeed.com/%EC%B1%84%EC%9A%A9%EB%B3%B4%EA%B8%B0?jk=0de9da46737b4c75
[Search & Clova] 파파고 이미지 번역 연구/개발 경력사원,네이버,대한민국,https://kr.indeed.com/%EC%B1%84%EC%9A%A9%EB%B3%B4%EA%B8%B0?jk=efa90b57800ac678
[관계사] 카카오페이 정보시스템 데이터 개발자,카카오,대한민국,https://kr.indeed.com/%EC%B1%84%EC%9A%A9%EB%B3%B4%EA%B8%B0?jk=c7303e1563aa050d
[Search & Clova] AI 응용 제품/서비스 개발 경력사원 (Backend_Engineer),네이버,대한민국,https://kr.indeed.com/%EC%B1%84%EC%9A%A9%EB%B3%B4%EA%B8%B0?jk=1988c9d5cb042a50
SDET Engineer,Nielsen,서울,https://kr.indeed.com/%EC%B1%84%EC%9A%A9%EB%B3%B4%EA%B8%B0?jk=c46c1d3d5b3fb904
MySQL Engineer,카카오페이,성남 판교역,https://kr.indeed.com/%EC%B1%84%EC%9A%A9%EB%B3%B4%EA%B8%B0?jk=dd06066d79860614
[관계사] 카카오페이 개인 신용평가 모델 개발 분야 데이터 사이언티스트(Data Scientist),Ground X,대한민국,https://kr.indeed.com/%EC%B1%84%EC%9A%A9%EB%B3%B4%EA%B8%B0?jk=ca03dc30b7a2b901
Data Scientist,Boston Consulting Group,서울,https://kr.indeed.com/%EC%B1%84%EC%9A%A9%EB%B3%B4%EA%B8%B0?jk=ce6747e77c861c46
2019하반기 SAS 빅데이터/DataAnalysis/Python/R 추가 인재,그루넷,서울 강남구,https://kr.indeed.com/%EC%B1%84%EC%9A%A9%EB%B3%B4%EA%B8%B0?jk=7f2f9d2df2603905
추천 시스템 소프트웨어 엔지니어,카카오,성남 판교역,https://kr.indeed.com/%EC%B1%84%EC%9A%A9%EB%B3%B4%EA%B8%B0?jk=07375dc4e800dfa9
연구개발자 경력직 (Java / python / c/c++) (주4.5일시행),YH데이타베이스,대구 수성구,https://kr.indeed.com/%EC%B1%84%EC%9A%A9%EB%B3%B4%EA%B8%B0?jk=d7e66a6bd21a2dcc
[관계사] 카카오엔터프라이즈 솔루션딜리버리 서버 개발자,카카오엔터프라이즈,대한민국,https://kr.indeed.com/%EC%B1%84%EC%9A%A9%EB%B3%B4%EA%B8%B0?jk=83a9cf575207d925
[관계사] 카카오엔터프라이즈 데이터분석 빅 데이터 플랫폼 개발자,카카오엔터프라이즈,대한민국,https://kr.indeed.com/%EC%B1%84%EC%9A%A9%EB%B3%B4%EA%B8%B0?jk=7d7466adadc7b1b8
"Technical Specialist, Professional Services (Korean, English)",Google,서울,https://kr.indeed.com/%EC%B1%84%EC%9A%A9%EB%B3%B4%EA%B8%B0?jk=fa839fed02943ef7
Application Backend Developer,BOEING,서울,https://kr.indeed.com/%EC%B1%84%EC%9A%A9%EB%B3%B4%EA%B8%B0?jk=a8ed60198075d112
Process & Data Scientist,Applied Materials Inc.,대한민국,https://kr.indeed.com/%EC%B1%84%EC%9A%A9%EB%B3%B4%EA%B8%B0?jk=b87ff4aabad6e65e
[판교]기술지원,NHN Service] [판교,경기도,https://kr.indeed.com/%EC%B1%84%EC%9A%A9%EB%B3%B4%EA%B8%B0?jk=466ed639df372448
데이터 분석 및 모델링 (페이코 쿠폰/광고 타겟팅),NHN,성남 판교역,https://kr.indeed.com/%EC%B1%84%EC%9A%A9%EB%B3%B4%EA%B8%B0?jk=4e17fe419583b40b
[인프라] 미들웨어 관리자,한국카카오은행,성남 분당구,https://kr.indeed.com/%EC%B1%84%EC%9A%A9%EB%B3%B4%EA%B8%B0?jk=3ed87db9ac2350ae
리서치분야 경력직,케이지제로인,대한민국,https://kr.indeed.com/%EC%B1%84%EC%9A%A9%EB%B3%B4%EA%B8%B0?jk=9ebdf72100457715
Data Analyst,Axiologic Solutions,서울,https://kr.indeed.com/%EC%B1%84%EC%9A%A9%EB%B3%B4%EA%B8%B0?jk=eb45c08f4c4a43d8
Design for Test (DFT) Engineer,SiFive,대한민국,https://kr.indeed.com/%EC%B1%84%EC%9A%A9%EB%B3%B4%EA%B8%B0?jk=6c6ccc05ec15dc41
Analytics Executive,Jellyfish UK,서울,https://kr.indeed.com/%EC%B1%84%EC%9A%A9%EB%B3%B4%EA%B8%B0?jk=574ca14c9800bc84
영상놀이SNS 띠잉 영상처리 개발자,우아한 형제들,서울 송파구,https://kr.indeed.com/%EC%B1%84%EC%9A%A9%EB%B3%B4%EA%B8%B0?jk=1a7c8dbc5d00f4aa
소프트웨어 엔지니어,Nexon,성남 분당구,https://kr.indeed.com/%EC%B1%84%EC%9A%A9%EB%B3%B4%EA%B8%B0?jk=d71794dc69947981
NXLog팀 - 소프트웨어 엔지니어,Nexon,성남 분당구,https://kr.indeed.com/%EC%B1%84%EC%9A%A9%EB%B3%B4%EA%B8%B0?jk=c13abffb44505877
"[관계사] 카카오페이 빅데이터, 하둡(Hadoop) 플랫폼 운영 엔지니어",카카오,대한민국,https://kr.indeed.com/%EC%B1%84%EC%9A%A9%EB%B3%B4%EA%B8%B0?jk=3969bc31caaa7a19
Support Engineer _ Azure PaaS,Microsoft,서울,https://kr.indeed.com/%EC%B1%84%EC%9A%A9%EB%B3%B4%EA%B8%B0?jk=01bc879744c28f9c
[개발]웹 서비스 개발자(정규직),위메프,대한민국,https://kr.indeed.com/%EC%B1%84%EC%9A%A9%EB%B3%B4%EA%B8%B0?jk=9bff6cc5a8f53e6e
매칭팀 - 프로그래머,Nexon,성남 분당구,https://kr.indeed.com/%EC%B1%84%EC%9A%A9%EB%B3%B4%EA%B8%B0?jk=3e757382342b3c98
이상탐지팀 - 서비스 개발자,Nexon,성남 분당구,https://kr.indeed.com/%EC%B1%84%EC%9A%A9%EB%B3%B4%EA%B8%B0?jk=e787fde04b998e1a
[동영상플랫폼] 연계형 인턴십,네이버,대한민국,https://kr.indeed.com/%EC%B1%84%EC%9A%A9%EB%B3%B4%EA%B8%B0?jk=e65a195da656bcdc
Cross Border Ecommerce - Business Intelligence (Based in Seoul),Shopee,서울,https://kr.indeed.com/%EC%B1%84%EC%9A%A9%EB%B3%B4%EA%B8%B0?jk=b574f1454ae36aab
카카오톡 신규 서비스 서버 개발자,카카오,성남 판교역,https://kr.indeed.com/%EC%B1%84%EC%9A%A9%EB%B3%B4%EA%B8%B0?jk=de210ffb5a9ee0c4
NXLog리포트팀 - 데이터분석가/리포트기획자,Nexon,성남 분당구,https://kr.indeed.com/%EC%B1%84%EC%9A%A9%EB%B3%B4%EA%B8%B0?jk=2e7356773e141079
배민장부 서버 개발자,우아한 형제들,서울 송파구,https://kr.indeed.com/%EC%B1%84%EC%9A%A9%EB%B3%B4%EA%B8%B0?jk=b7b9c8b9adba8653
네이버 일본 맛집 서비스 CONOMI 머신러닝 개발자,네이버,대한민국,https://kr.indeed.com/%EC%B1%84%EC%9A%A9%EB%B3%B4%EA%B8%B0?jk=feac8a234b715106
"Customer Solutions Engineer, Global Client and Agency Solutions",Google,서울,https://kr.indeed.com/%EC%B1%84%EC%9A%A9%EB%B3%B4%EA%B8%B0?jk=2615f45e6f912c05
(도도포인트)프로그래머 채용,스포카,서울 역삼동,https://kr.indeed.com/%EC%B1%84%EC%9A%A9%EB%B3%B4%EA%B8%B0?jk=d296e8e4ce0f13bb
각 부문별 신입/경력직원 인재,펀드온라인코리아,대한민국,https://kr.indeed.com/%EC%B1%84%EC%9A%A9%EB%B3%B4%EA%B8%B0?jk=7a730622208e64b8
기술 인턴 인공지능 응용 연구/개발 인턴,써로마인드로보틱스,서울 관악구,https://kr.indeed.com/%EC%B1%84%EC%9A%A9%EB%B3%B4%EA%B8%B0?jk=71c47ac87bb4087e
교보악사자산운용 해외투자 사원,교보악사자산운용,대한민국,https://kr.indeed.com/%EC%B1%84%EC%9A%A9%EB%B3%B4%EA%B8%B0?jk=61f77867c101a6fe
매칭팀 - 데이터분석가,Nexon,성남 분당구,https://kr.indeed.com/%EC%B1%84%EC%9A%A9%EB%B3%B4%EA%B8%B0?jk=54a0b1ed3a827a58
SW Application Engineer,Intel,서울,https://kr.indeed.com/%EC%B1%84%EC%9A%A9%EB%B3%B4%EA%B8%B0?jk=6efeca49db1417dc
[데이터밸류팀] 데이터사이언스 및 머신러닝 전문가,카카오,성남 판교역,https://kr.indeed.com/%EC%B1%84%EC%9A%A9%EB%B3%B4%EA%B8%B0?jk=557a3ca685f33ea4
트레이딩본부 (신입),메리츠종합금융증권,대한민국,https://kr.indeed.com/%EC%B1%84%EC%9A%A9%EB%B3%B4%EA%B8%B0?jk=7c57fb8fc418e996
"Partner Engineer, Google Assistant",Google,서울,https://kr.indeed.com/%EC%B1%84%EC%9A%A9%EB%B3%B4%EA%B8%B0?jk=c6398dbbd3c4f4d9
[반도체IP 기업] Video Codec HW (Junior/Senior급),커리어라임즈,서울,https://kr.indeed.com/%EC%B1%84%EC%9A%A9%EB%B3%B4%EA%B8%B0?jk=ba3fde3822a2eaf4
네트워크 자동화 개발자,Nexon,성남 분당구,https://kr.indeed.com/%EC%B1%84%EC%9A%A9%EB%B3%B4%EA%B8%B0?jk=5ff17b27cd83a1c0
챗봇 플랫폼 개발자,카카오,성남 판교역,https://kr.indeed.com/%EC%B1%84%EC%9A%A9%EB%B3%B4%EA%B8%B0?jk=20d40ee61adffeca
[관계사] 카카오엔터프라이즈 AI기술 머신 러닝 응용 분야 전문가,카카오,대한민국,https://kr.indeed.com/%EC%B1%84%EC%9A%A9%EB%B3%B4%EA%B8%B0?jk=ea3d406777869664
Senior Display Engineer,Microsoft,서울,https://kr.indeed.com/%EC%B1%84%EC%9A%A9%EB%B3%B4%EA%B8%B0?jk=9d9c7b8b26325700
리서치센터 RA,신한금융투자,대한민국,https://kr.indeed.com/%EC%B1%84%EC%9A%A9%EB%B3%B4%EA%B8%B0?jk=4de38c658c13f9e8
[관계사] 카카오엔터프라이즈 클라우드플랫폼 클라우드 개발자,카카오,대한민국,https://kr.indeed.com/%EC%B1%84%EC%9A%A9%EB%B3%B4%EA%B8%B0?jk=f5ab31e598248aa8
[관계사] 카카오엔터프라이즈 데이터분석 웹 프론트 개발자,카카오,대한민국,https://kr.indeed.com/%EC%B1%84%EC%9A%A9%EB%B3%B4%EA%B8%B0?jk=f1925785ec3c5385
Software Developer - Front-End / Back-End,AITRICS,서울,https://kr.indeed.com/%EC%B1%84%EC%9A%A9%EB%B3%B4%EA%B8%B0?jk=5123207a169f90eb
[PUBG LITE] PC Analyst,펍지,서울,https://kr.indeed.com/%EC%B1%84%EC%9A%A9%EB%B3%B4%EA%B8%B0?jk=67601fff5f1ecbd9
이상탐지팀- 웹프로그래머,Nexon,성남 분당구,https://kr.indeed.com/%EC%B1%84%EC%9A%A9%EB%B3%B4%EA%B8%B0?jk=4a426e3ffacd161c
Associate Solutions Engineer (Full Time) - Korea,Cisco Careers,서울,https://kr.indeed.com/%EC%B1%84%EC%9A%A9%EB%B3%B4%EA%B8%B0?jk=ecc3d4649fcbafab
[관계사] 카카오페이 데이터 기반 서비스 개발 담당자,카카오,대한민국,https://kr.indeed.com/%EC%B1%84%EC%9A%A9%EB%B3%B4%EA%B8%B0?jk=58750cc2774e11e5
[보안]보안솔루션 운영 담당자(정규직),위메프,대한민국,https://kr.indeed.com/%EC%B1%84%EC%9A%A9%EB%B3%B4%EA%B8%B0?jk=84fd4c2127309eea
네이버 UGC어뷰징 백엔드 개발자,네이버,대한민국,https://kr.indeed.com/%EC%B1%84%EC%9A%A9%EB%B3%B4%EA%B8%B0?jk=8f869aed65026ced
퍼즐데이터 역량있는 데이터 분석가,주식회사퍼즐데이터,서울 역삼동,https://kr.indeed.com/%EC%B1%84%EC%9A%A9%EB%B3%B4%EA%B8%B0?jk=116009dbf59211ed
[관계사] 카카오엔터프라이즈 솔루션딜리버리 Back-End 설계/개발자,카카오엔터프라이즈,대한민국,https://kr.indeed.com/%EC%B1%84%EC%9A%A9%EB%B3%B4%EA%B8%B0?jk=c5d54895b298a530
인프라 관리/운영 웹 애플리케이션 개발자,Nexon,성남 분당구,https://kr.indeed.com/%EC%B1%84%EC%9A%A9%EB%B3%B4%EA%B8%B0?jk=692486e7a2b0522e
Healthcare Real World Data Analyst 담당자,IQVIA,서울,https://kr.indeed.com/%EC%B1%84%EC%9A%A9%EB%B3%B4%EA%B8%B0?jk=a39853230d5ceca8
RF S/W application engineer,Qualcomm,서울,https://kr.indeed.com/%EC%B1%84%EC%9A%A9%EB%B3%B4%EA%B8%B0?jk=fb79bc06a5a579ac
함께 성장할 S/W개발자 모집합니다.,주식회사 유락,전라북도 완주,https://kr.indeed.com/%EC%B1%84%EC%9A%A9%EB%B3%B4%EA%B8%B0?jk=49bb83246aaaa60c
BI 운영 그룹 주력계열사,그룹 주력계열사,서울특별시,https://kr.indeed.com/%EC%B1%84%EC%9A%A9%EB%B3%B4%EA%B8%B0?jk=e5098c47e3662580
Application Backend Developer,BOEING,서울,https://kr.indeed.com/%EC%B1%84%EC%9A%A9%EB%B3%B4%EA%B8%B0?jk=a8ed60198075d112
Client Technical Specialist,IBM,서울,https://kr.indeed.com/%EC%B1%84%EC%9A%A9%EB%B3%B4%EA%B8%B0?jk=320cf19178f2f20d
Developer Relations Manager,NVIDIA,서울,https://kr.indeed.com/%EC%B1%84%EC%9A%A9%EB%B3%B4%EA%B8%B0?jk=073b7071c036dba2
[Search & Clova] 파파고 이미지 번역 연구/개발 경력사원,네이버,대한민국,https://kr.indeed.com/%EC%B1%84%EC%9A%A9%EB%B3%B4%EA%B8%B0?jk=efa90b57800ac678
Oracle Linux and Oracle VM Product Support (Engilish & Korean),Oracle,서울,https://kr.indeed.com/%EC%B1%84%EC%9A%A9%EB%B3%B4%EA%B8%B0?jk=dcab929554f1e1e7
[관계사] 카카오엔터프라이즈 AI검색플랫폼 머신러닝 개발자,카카오엔터프라이즈,대한민국,https://kr.indeed.com/%EC%B1%84%EC%9A%A9%EB%B3%B4%EA%B8%B0?jk=4b32383cefd20455
[관계사] 카카오엔터프라이즈 AI 소프트웨어 백엔드 개발자,카카오엔터프라이즈,대한민국,https://kr.indeed.com/%EC%B1%84%EC%9A%A9%EB%B3%B4%EA%B8%B0?jk=18780eb3b788a924
[관계사] 카카오엔터프라이즈 솔루션딜리버리 Back-End 설계/개발자,카카오엔터프라이즈,대한민국,https://kr.indeed.com/%EC%B1%84%EC%9A%A9%EB%B3%B4%EA%B8%B0?jk=c5d54895b298a530
[경력] 빅데이터 및 데이터분석 컨설팅 - Digital 본부,삼정 KPMG,서울 강남구,https://kr.indeed.com/%EC%B1%84%EC%9A%A9%EB%B3%B4%EA%B8%B0?jk=e4526d75d18b3635
"Partner Engineer, Google Assistant",Google,서울,https://kr.indeed.com/%EC%B1%84%EC%9A%A9%EB%B3%B4%EA%B8%B0?jk=c6398dbbd3c4f4d9
NXLog팀 - 소프트웨어 엔지니어,Nexon,성남 분당구,https://kr.indeed.com/%EC%B1%84%EC%9A%A9%EB%B3%B4%EA%B8%B0?jk=c13abffb44505877
카카오 분석 플랫폼 경력 개발자,카카오,성남 판교역,https://kr.indeed.com/%EC%B1%84%EC%9A%A9%EB%B3%B4%EA%B8%B0?jk=8ae7c240ef7d5f0b
데이터 엔지니어,리디,서울특별시,https://kr.indeed.com/%EC%B1%84%EC%9A%A9%EB%B3%B4%EA%B8%B0?jk=acbc411113b81ae5
Data Analyst,Axiologic Solutions,서울,https://kr.indeed.com/%EC%B1%84%EC%9A%A9%EB%B3%B4%EA%B8%B0?jk=eb45c08f4c4a43d8
Support Engineer,Microsoft,서울,https://kr.indeed.com/%EC%B1%84%EC%9A%A9%EB%B3%B4%EA%B8%B0?jk=0bbf23c0930be392
영상놀이SNS 띠잉 영상처리 개발자,우아한 형제들,서울 송파구,https://kr.indeed.com/%EC%B1%84%EC%9A%A9%EB%B3%B4%EA%B8%B0?jk=1a7c8dbc5d00f4aa
딥러닝 기반의 의료영상 연구,에이치알 컨설팅,대한민국,https://kr.indeed.com/%EC%B1%84%EC%9A%A9%EB%B3%B4%EA%B8%B0?jk=0cd702e07d7a3c73
Support Engineer_Developer Support,Microsoft,서울,https://kr.indeed.com/%EC%B1%84%EC%9A%A9%EB%B3%B4%EA%B8%B0?jk=75ccb9bb9c3049c7
[Search&Clova] Clova 음성인식 기술 개발 경력사원,네이버,대한민국,https://kr.indeed.com/%EC%B1%84%EC%9A%A9%EB%B3%B4%EA%B8%B0?jk=1533d08015a46cfc
AI 개발/Data Scientist/시스템 아키텍쳐/빅데이터엔지니어 경력직,신한에이아이,서울 영등포구,https://kr.indeed.com/%EC%B1%84%EC%9A%A9%EB%B3%B4%EA%B8%B0?jk=de44729f90fcae6e
백엔드 엔지니어 (e-커머스),리디,서울특별시,https://kr.indeed.com/%EC%B1%84%EC%9A%A9%EB%B3%B4%EA%B8%B0?jk=fccde67d76f9359a
카카오 전체의 사용자 플랫폼 만들 서버개발자,카카오모빌리티,성남 판교역,https://kr.indeed.com/%EC%B1%84%EC%9A%A9%EB%B3%B4%EA%B8%B0?jk=6d479593b544fa68
데이터플랫폼실 - Software Engineer,Nexon,성남 분당구,https://kr.indeed.com/%EC%B1%84%EC%9A%A9%EB%B3%B4%EA%B8%B0?jk=6ecc8058c1538843
Support Engineer _ Azure PaaS,Microsoft,서울,https://kr.indeed.com/%EC%B1%84%EC%9A%A9%EB%B3%B4%EA%B8%B0?jk=01bc879744c28f9c
System Administrator 2-IT (Datacenter Engineer),Oracle,서울,https://kr.indeed.com/%EC%B1%84%EC%9A%A9%EB%B3%B4%EA%B8%B0?jk=55dd3a1ce1248639
이탈방지팀-서비스 개발자,Nexon,성남 분당구,https://kr.indeed.com/%EC%B1%84%EC%9A%A9%EB%B3%B4%EA%B8%B0?jk=691f61972f31c777
Data Center Technician,Amzn Corporate Services Korea,서울,https://kr.indeed.com/%EC%B1%84%EC%9A%A9%EB%B3%B4%EA%B8%B0?jk=1f542078927eb1e4
챗봇 플랫폼 개발자,카카오,성남 판교역,https://kr.indeed.com/%EC%B1%84%EC%9A%A9%EB%B3%B4%EA%B8%B0?jk=20d40ee61adffeca
"Front End Software Engineer, TensorFlow",Google,서울,https://kr.indeed.com/%EC%B1%84%EC%9A%A9%EB%B3%B4%EA%B8%B0?jk=bb22e1b9b7683013
네트워크 자동화 개발자,Nexon,성남 분당구,https://kr.indeed.com/%EC%B1%84%EC%9A%A9%EB%B3%B4%EA%B8%B0?jk=5ff17b27cd83a1c0
데이터분석가(게임어뷰징 탐지),Nexon,성남 분당구,https://kr.indeed.com/%EC%B1%84%EC%9A%A9%EB%B3%B4%EA%B8%B0?jk=ea3b136c0ff59524
"Customer Solutions Engineer, Global Client and Agency Solutions",Google,서울,https://kr.indeed.com/%EC%B1%84%EC%9A%A9%EB%B3%B4%EA%B8%B0?jk=2615f45e6f912c05
글로벌&모바일 플랫폼 운영을 담당할 를 합니다.,Nexon,성남 분당구,https://kr.indeed.com/%EC%B1%84%EC%9A%A9%EB%B3%B4%EA%B8%B0?jk=281fb1cb3dff0cf8
RAS Power Marketing Analytics Lead for Power Generation service business,Siemens AG,서울,https://kr.indeed.com/%EC%B1%84%EC%9A%A9%EB%B3%B4%EA%B8%B0?jk=55dbae449417c19d
[데이터밸류팀] 서버개발자,카카오,성남 판교역,https://kr.indeed.com/%EC%B1%84%EC%9A%A9%EB%B3%B4%EA%B8%B0?jk=6f0ec0edcdae751b
Design for Test (DFT) Engineer,SiFive,대한민국,https://kr.indeed.com/%EC%B1%84%EC%9A%A9%EB%B3%B4%EA%B8%B0?jk=6c6ccc05ec15dc41
Cross Border Ecommerce - Business Intelligence (Based in Seoul),Shopee,서울,https://kr.indeed.com/%EC%B1%84%EC%9A%A9%EB%B3%B4%EA%B8%B0?jk=b574f1454ae36aab
소프트웨어 엔지니어,Nexon,성남 분당구,https://kr.indeed.com/%EC%B1%84%EC%9A%A9%EB%B3%B4%EA%B8%B0?jk=d71794dc69947981
[관계사] 카카오모빌리티 DevOps엔지니어,카카오,대한민국,https://kr.indeed.com/%EC%B1%84%EC%9A%A9%EB%B3%B4%EA%B8%B0?jk=3429314fff887dea
인프라 관리/운영 웹 애플리케이션 개발자,Nexon,성남 분당구,https://kr.indeed.com/%EC%B1%84%EC%9A%A9%EB%B3%B4%EA%B8%B0?jk=692486e7a2b0522e
[관계사] 카카오페이 SRE (Site Reliability Engineer),카카오,대한민국,https://kr.indeed.com/%EC%B1%84%EC%9A%A9%EB%B3%B4%EA%B8%B0?jk=6327c7e5029de0b3
Software Engineer in OPC UA,TÜV SÜD,서울 여의도,https://kr.indeed.com/%EC%B1%84%EC%9A%A9%EB%B3%B4%EA%B8%B0?jk=aa7d41d35d861b23
8퍼센트 개발자 (신입/경력),8퍼센트,서울 종로구,https://kr.indeed.com/%EC%B1%84%EC%9A%A9%EB%B3%B4%EA%B8%B0?jk=8af26b37623864c4
Data & AI Technical Specialist,IBM,서울,https://kr.indeed.com/%EC%B1%84%EC%9A%A9%EB%B3%B4%EA%B8%B0?jk=6164be253775cb7d
[기술기획] 기술기획 개발자,한국카카오은행,성남 분당구,https://kr.indeed.com/%EC%B1%84%EC%9A%A9%EB%B3%B4%EA%B8%B0?jk=de4b31bd38748b05
각 부문별 신입/경력직원 인재,펀드온라인코리아,대한민국,https://kr.indeed.com/%EC%B1%84%EC%9A%A9%EB%B3%B4%EA%B8%B0?jk=7a730622208e64b8
검색서비스 서버 개발 신입/경력,포티투마루,서울 봉천동,https://kr.indeed.com/%EC%B1%84%EC%9A%A9%EB%B3%B4%EA%B8%B0?jk=e010f7780d479126
SDET Engineer,Nielsen,서울,https://kr.indeed.com/%EC%B1%84%EC%9A%A9%EB%B3%B4%EA%B8%B0?jk=c46c1d3d5b3fb904
위시켓과 함께할 서버개발자님,위시켓,서울 강남구,https://kr.indeed.com/%EC%B1%84%EC%9A%A9%EB%B3%B4%EA%B8%B0?jk=a3a65a4d59061430
Lead Application Engineer,ANSYS,서울,https://kr.indeed.com/%EC%B1%84%EC%9A%A9%EB%B3%B4%EA%B8%B0?jk=6f15637e25d5cd7a
각 부문별 수시,KIS채권평가,대한민국,https://kr.indeed.com/%EC%B1%84%EC%9A%A9%EB%B3%B4%EA%B8%B0?jk=1b51ad0d9ab48803
System Administrator 2-IT (Datacenter Engineer),Oracle,서울,https://kr.indeed.com/%EC%B1%84%EC%9A%A9%EB%B3%B4%EA%B8%B0?jk=55dd3a1ce1248639
Developer Relations Manager,NVIDIA,서울,https://kr.indeed.com/%EC%B1%84%EC%9A%A9%EB%B3%B4%EA%B8%B0?jk=073b7071c036dba2
Software Engineer in OPC UA,TÜV SÜD,서울 여의도,https://kr.indeed.com/%EC%B1%84%EC%9A%A9%EB%B3%B4%EA%B8%B0?jk=aa7d41d35d861b23
[NHN Service] [판교]기술지원 경력,엔에이치엔서비스,성남 분당구,https://kr.indeed.com/%EC%B1%84%EC%9A%A9%EB%B3%B4%EA%B8%B0?jk=0ce604f78d27b2f2
Cloud Support Engineer - Developer and Mobile Services,Amazon Web Services Korea LLC,서울,https://kr.indeed.com/%EC%B1%84%EC%9A%A9%EB%B3%B4%EA%B8%B0?jk=930a6a7d80e095bc
TOIION 토이온 전산 인프라 운영 스탭,토이온,성남 수정구,https://kr.indeed.com/%EC%B1%84%EC%9A%A9%EB%B3%B4%EA%B8%B0?jk=c7c315d68ab45e13
주식 펀드매니저 (7/16 마감),현대인베스트먼트자산운용,대한민국,https://kr.indeed.com/%EC%B1%84%EC%9A%A9%EB%B3%B4%EA%B8%B0?jk=056544637aac9783
Client Technical Specialist,IBM,서울,https://kr.indeed.com/%EC%B1%84%EC%9A%A9%EB%B3%B4%EA%B8%B0?jk=320cf19178f2f20d
Research Engineer - Machine Learning,AITRICS,서울,https://kr.indeed.com/%EC%B1%84%EC%9A%A9%EB%B3%B4%EA%B8%B0?jk=05ce3c7d5c6c368c
Technical Trainer - Amazon Web Services,Amazon Web Services Korea LLC,서울,https://kr.indeed.com/%EC%B1%84%EC%9A%A9%EB%B3%B4%EA%B8%B0?jk=72ffe4834508e487
빅데이터 플랫폼 및 BI시스템 구축 그룹 IT계열사,그룹 IT계열사,서울특별시,https://kr.indeed.com/%EC%B1%84%EC%9A%A9%EB%B3%B4%EA%B8%B0?jk=c1936b77c8be4bcf
자연어처리전문가 금융챗봇 만들어 갈 엔지니어,파운트,서울 충정로역,https://kr.indeed.com/%EC%B1%84%EC%9A%A9%EB%B3%B4%EA%B8%B0?jk=a50fce6cc2cb57c9
리스크관리본부 리스크관리팀,이스트스프링자산운용,대한민국,https://kr.indeed.com/%EC%B1%84%EC%9A%A9%EB%B3%B4%EA%B8%B0?jk=7c1737fbadab9ad4
백엔드 엔지니어 (e-커머스),리디,서울특별시,https://kr.indeed.com/%EC%B1%84%EC%9A%A9%EB%B3%B4%EA%B8%B0?jk=fccde67d76f9359a
운용본부 알고리즘 개발,쿼터백자산운용,대한민국,https://kr.indeed.com/%EC%B1%84%EC%9A%A9%EB%B3%B4%EA%B8%B0?jk=e742b9139ca08058
[던전앤파이터(글로벌)] 게임 데이터 분석가,네오플,서울 강남구,https://kr.indeed.com/%EC%B1%84%EC%9A%A9%EB%B3%B4%EA%B8%B0?jk=4f09f889fa3cfd34
"Manager, Data Science",Nielsen,서울,https://kr.indeed.com/%EC%B1%84%EC%9A%A9%EB%B3%B4%EA%B8%B0?jk=02ebc7cc45355385
TOAST Cloud 사업기획/영업/마케팅,NHN,성남 판교역,https://kr.indeed.com/%EC%B1%84%EC%9A%A9%EB%B3%B4%EA%B8%B0?jk=6b86ea39985912b6
INDEX/QUANT운용본부 신입사원,교보악사자산운용,대한민국,https://kr.indeed.com/%EC%B1%84%EC%9A%A9%EB%B3%B4%EA%B8%B0?jk=22f37b921213afa9
인프라 플랫폼 개발자,고도소프트,서울 구로구,https://kr.indeed.com/%EC%B1%84%EC%9A%A9%EB%B3%B4%EA%B8%B0?jk=2b1c5b35b97700fc
[경력]서버 개발 담당자,선데이토즈,성남 분당구,https://kr.indeed.com/%EC%B1%84%EC%9A%A9%EB%B3%B4%EA%B8%B0?jk=b39044f681e9d472
Data & AI Technical Specialist,IBM,서울,https://kr.indeed.com/%EC%B1%84%EC%9A%A9%EB%B3%B4%EA%B8%B0?jk=6164be253775cb7d
[FEG] 리버스 엔지니어,창운코리아,서울 구로구,https://kr.indeed.com/%EC%B1%84%EC%9A%A9%EB%B3%B4%EA%B8%B0?jk=5faf4a69ab8c86ca
인공지능(AI) 전문기업 솔트룩스 - 데이터 분석,솔트룩스,서울 강남구,https://kr.indeed.com/%EC%B1%84%EC%9A%A9%EB%B3%B4%EA%B8%B0?jk=513c3d86d7de0115
Cloud Support Engineer - Linux,Amazon Web Services Korea LLC,서울,https://kr.indeed.com/%EC%B1%84%EC%9A%A9%EB%B3%B4%EA%B8%B0?jk=982c2a9c3f3caba3
Product Test Engineer - GPU,NVIDIA,서울,https://kr.indeed.com/%EC%B1%84%EC%9A%A9%EB%B3%B4%EA%B8%B0?jk=48ca423ba9cc3be4
[경력] 빅데이터 및 데이터분석 컨설팅 - Digital 본부,삼정 KPMG,서울 강남구,https://kr.indeed.com/%EC%B1%84%EC%9A%A9%EB%B3%B4%EA%B8%B0?jk=e4526d75d18b3635
웹 개발자(3년이상 경력) 대리급-자택근무 가능,비스퀘어,부산 해운대구,https://kr.indeed.com/%EC%B1%84%EC%9A%A9%EB%B3%B4%EA%B8%B0?jk=5747dcaf55b25c1e
"Computer Vision Engineer, Perception – Autonomous Vehicles",NVIDIA,서울,https://kr.indeed.com/%EC%B1%84%EC%9A%A9%EB%B3%B4%EA%B8%B0?jk=f775c2b405edea87
AI팀(액티브 퀀트/인덱스 펀드) 사원·대리급,이스트스프링자산운용,대한민국,https://kr.indeed.com/%EC%B1%84%EC%9A%A9%EB%B3%B4%EA%B8%B0?jk=7bf30c81a0e59d82
[라프텔] 마케팅 담당자,리디,서울,https://kr.indeed.com/%EC%B1%84%EC%9A%A9%EB%B3%B4%EA%B8%B0?jk=00af8f1bc324ef8d
"금융 데이터 분석 엔진, 로보어드바이저 개발자",에스비씨엔,서울 영등포구,https://kr.indeed.com/%EC%B1%84%EC%9A%A9%EB%B3%B4%EA%B8%B0?jk=649ccf047c868778
검색서비스 서버 개발 신입/경력,포티투마루,서울 봉천동,https://kr.indeed.com/%EC%B1%84%EC%9A%A9%EB%B3%B4%EA%B8%B0?jk=e010f7780d479126
TOAST Cloud 플랫폼 및 서비스 개발,NHN,성남 판교역,https://kr.indeed.com/%EC%B1%84%EC%9A%A9%EB%B3%B4%EA%B8%B0?jk=ea2cf2a5e929b0ee
[Mobile] 데이터 개발 (인프라),펍지,서울,https://kr.indeed.com/%EC%B1%84%EC%9A%A9%EB%B3%B4%EA%B8%B0?jk=57efbc3513f8842b
"인공지능 플랫폼 회사(알파브릿지) 경력직(IT, 관리)",에셋플러스자산운용,대한민국,https://kr.indeed.com/%EC%B1%84%EC%9A%A9%EB%B3%B4%EA%B8%B0?jk=989c8d5579ea7132
8퍼센트 개발자 (신입/경력),8퍼센트,서울 종로구,https://kr.indeed.com/%EC%B1%84%EC%9A%A9%EB%B3%B4%EA%B8%B0?jk=f4ed828ada324d1c
"Applications Engineer, Sr I",Synopsys,서울,https://kr.indeed.com/%EC%B1%84%EC%9A%A9%EB%B3%B4%EA%B8%B0?jk=3f5c12e67f5b979e
Support Escalation Engineer - Azure Rapid Response,Microsoft,서울,https://kr.indeed.com/%EC%B1%84%EC%9A%A9%EB%B3%B4%EA%B8%B0?jk=a4af419773dcc025
소형전지/제조혁신센터 경력 채용 공고,삼성SDI,서울 서초동,https://kr.indeed.com/%EC%B1%84%EC%9A%A9%EB%B3%B4%EA%B8%B0?jk=0ab7f3e309cc466c
[관계사] 카카오모빌리티 DevOps엔지니어,카카오,대한민국,https://kr.indeed.com/%EC%B1%84%EC%9A%A9%EB%B3%B4%EA%B8%B0?jk=3429314fff887dea
[배달의민족부문] 검색서비스 개발자,우아한 형제들,서울 송파구,https://kr.indeed.com/%EC%B1%84%EC%9A%A9%EB%B3%B4%EA%B8%B0?jk=1241d1e756b15ce4
"드론 데이터 스타트업, 엔젤스윙 엔지니어",엔젤스윙,서울 관악구,https://kr.indeed.com/%EC%B1%84%EC%9A%A9%EB%B3%B4%EA%B8%B0?jk=d017610d9828199c
"카카오콘 앱(iOS), 서버 경력 개발자",카카오페이,대한민국,https://kr.indeed.com/%EC%B1%84%EC%9A%A9%EB%B3%B4%EA%B8%B0?jk=b9974ad79659bb6d
TOAST Cloud 운영 및 기술지원,NHN,성남 판교역,https://kr.indeed.com/%EC%B1%84%EC%9A%A9%EB%B3%B4%EA%B8%B0?jk=ad07d6a330fb619a
로봇 기반 Vision 서비스 개발 그룹 IT인프라 구축,그룹 IT인프라 구축,서울특별시,https://kr.indeed.com/%EC%B1%84%EC%9A%A9%EB%B3%B4%EA%B8%B0?jk=6f3b8c137683ada9
EQUITY본부 경력직,KB증권,대한민국,https://kr.indeed.com/%EC%B1%84%EC%9A%A9%EB%B3%B4%EA%B8%B0?jk=de6034fa3ef850c8
웹 개발자 경력직,에이치랩,서울 마포구,https://kr.indeed.com/%EC%B1%84%EC%9A%A9%EB%B3%B4%EA%B8%B0?jk=b7882719628c957a
(신규: 오디오 콘텐츠 서비스) 서버 개발 경력,데브시스터즈,서울 신사동,https://kr.indeed.com/%EC%B1%84%EC%9A%A9%EB%B3%B4%EA%B8%B0?jk=54fa0c4621594bf0
Global Payment 데이터 분석,라인비즈플러스,성남 분당구,https://kr.indeed.com/%EC%B1%84%EC%9A%A9%EB%B3%B4%EA%B8%B0?jk=5c6f1cc7c8b00652
JAVA & Python 경력 개발자님,데이터엔지니어스랩,서울 서초구,https://kr.indeed.com/%EC%B1%84%EC%9A%A9%EB%B3%B4%EA%B8%B0?jk=8aa48a2521242df6
딥러닝 기반의 의료영상 연구,에이치알 컨설팅,대한민국,https://kr.indeed.com/%EC%B1%84%EC%9A%A9%EB%B3%B4%EA%B8%B0?jk=0cd702e07d7a3c73
랩오투원 신입/경력 개발자,유한책임회사랩오투원,부산,https://kr.indeed.com/%EC%B1%84%EC%9A%A9%EB%B3%B4%EA%B8%B0?jk=750977c97eeed4d5
데이터 엔지니어 / Data Engineer,Bagelcode,서울,https://kr.indeed.com/%EC%B1%84%EC%9A%A9%EB%B3%B4%EA%B8%B0?jk=bd1ad6ca3aba3000
Senior Developer - Cloud Infrastructure Development,SAP,서울,https://kr.indeed.com/%EC%B1%84%EC%9A%A9%EB%B3%B4%EA%B8%B0?jk=6569d4c4cee994f6
인프라 플랫폼 개발자,NHN godo,서울 구로구,https://kr.indeed.com/%EC%B1%84%EC%9A%A9%EB%B3%B4%EA%B8%B0?jk=c8a7c9c4022a3544
데이터 사이언티스트 / Data Scientist,Bagelcode,서울,https://kr.indeed.com/%EC%B1%84%EC%9A%A9%EB%B3%B4%EA%B8%B0?jk=d0ae3cf7638734ac
"Sales Engineer (Pre-Sales), Korea",Recorded Future,서울,https://kr.indeed.com/%EC%B1%84%EC%9A%A9%EB%B3%B4%EA%B8%B0?jk=1a0fc032fa7d6866
코리아서버호스팅 백엔드 개발자,코리아서버호스팅,서울 서초구,https://kr.indeed.com/%EC%B1%84%EC%9A%A9%EB%B3%B4%EA%B8%B0?jk=b32d2d344022ffb4
데이터 분석가(팀장급),RIDI Corp,서울,https://kr.indeed.com/%EC%B1%84%EC%9A%A9%EB%B3%B4%EA%B8%B0?jk=35fbfe39465bd43a
[라프텔] 서버(백엔드) 개발자,리디,서울,https://kr.indeed.com/%EC%B1%84%EC%9A%A9%EB%B3%B4%EA%B8%B0?jk=7e4b3808d3befc37
Data Center Technician,Amzn Corporate Services Korea,서울,https://kr.indeed.com/%EC%B1%84%EC%9A%A9%EB%B3%B4%EA%B8%B0?jk=1f542078927eb1e4
(주)엘솔루 NLP연구개발직,㈜엘솔루,서울,https://kr.indeed.com/%EC%B1%84%EC%9A%A9%EB%B3%B4%EA%B8%B0?jk=3f46d6b013eed283
경영지원본부 정보기술팀 경력직,아이비케이자산운용,대한민국,https://kr.indeed.com/%EC%B1%84%EC%9A%A9%EB%B3%B4%EA%B8%B0?jk=05ada0ec7f259bfd
파생퀀트/ IT퀀트 경력직 ( ~시 까지),유안타증권,대한민국,https://kr.indeed.com/%EC%B1%84%EC%9A%A9%EB%B3%B4%EA%B8%B0?jk=35d7ed4451724d19
링크샵스 플랫폼 개발 및 유지보수 담당,링크샵스,서울 중구,https://kr.indeed.com/%EC%B1%84%EC%9A%A9%EB%B3%B4%EA%B8%B0?jk=a6d0f0030a9ad230
Automotive Display SW APPS Engineering - Engineer/Sr. Engineer,Qualcomm,서울,https://kr.indeed.com/%EC%B1%84%EC%9A%A9%EB%B3%B4%EA%B8%B0?jk=c853cf6736312a6e
[인재풀] 아티스트,Electronic Arts,서울,https://kr.indeed.com/%EC%B1%84%EC%9A%A9%EB%B3%B4%EA%B8%B0?jk=aac8e9355cb855ac
Data Analyst,펍지,서울,https://kr.indeed.com/%EC%B1%84%EC%9A%A9%EB%B3%B4%EA%B8%B0?jk=34d33f23153d407a
[Mobile] 데이터 분석가 (신입/경력),펍지,서울,https://kr.indeed.com/%EC%B1%84%EC%9A%A9%EB%B3%B4%EA%B8%B0?jk=35d9e2deb358eb6c
"Solution Architect, Data Scientist - WWFO",NVIDIA,서울,https://kr.indeed.com/%EC%B1%84%EC%9A%A9%EB%B3%B4%EA%B8%B0?jk=475bfcb9fe2956fa
"자동화사업부 소프트웨어팀(open,C++,Python,영상, 비젼)충원",엠코프,서울특별시,https://kr.indeed.com/%EC%B1%84%EC%9A%A9%EB%B3%B4%EA%B8%B0?jk=edf95f3c5486a068
"WEb 개발자 경력 정규직, 프리랜서",케이포시큐리티,서울,https://kr.indeed.com/%EC%B1%84%EC%9A%A9%EB%B3%B4%EA%B8%B0?jk=22ea43afd8105577
모바일 앱 보안 솔루션 개발부문,스틸리언,서울 용산구,https://kr.indeed.com/%EC%B1%84%EC%9A%A9%EB%B3%B4%EA%B8%B0?jk=6718bba08ef6e20b
서울 강남구 인썸니아 시니어 개발자 및 퍼블리셔,인썸니아,서울 서초구,https://kr.indeed.com/%EC%B1%84%EC%9A%A9%EB%B3%B4%EA%B8%B0?jk=6c1d50662fa2d7f7
위시켓과 함께할 서버개발자님,위시켓,서울 강남구,https://kr.indeed.com/%EC%B1%84%EC%9A%A9%EB%B3%B4%EA%B8%B0?jk=a3a65a4d59061430
데이터 센터 운영/관리 시스템 인프라 관리 (신입/경력),줌인터넷,서울 서초동,https://kr.indeed.com/%EC%B1%84%EC%9A%A9%EB%B3%B4%EA%B8%B0?jk=a20d649abed07546
퀀트운용팀 (사원-대리급),신한비엔피파리바자산운용,대한민국,https://kr.indeed.com/%EC%B1%84%EC%9A%A9%EB%B3%B4%EA%B8%B0?jk=9040dba1c8db2a5d
마케팅(전략기획)신입~경력,비스퀘어,부산 해운대구,https://kr.indeed.com/%EC%B1%84%EC%9A%A9%EB%B3%B4%EA%B8%B0?jk=30279163f8f6cba7
[구직 Platform] Frontend 개발 전문가 급구,에이아이앤잡,서울 강남구,https://kr.indeed.com/%EC%B1%84%EC%9A%A9%EB%B3%B4%EA%B8%B0?jk=eabd2f2876b50a04
(한국휴렛팩커드) Sales Mnager(스타트엄 관련 경력자),한국휴렛팩커드,서울 여의도,https://kr.indeed.com/%EC%B1%84%EC%9A%A9%EB%B3%B4%EA%B8%B0?jk=74eb01d964c2b292
[관계사] 카카오페이 SRE (Site Reliability Engineer),카카오,대한민국,https://kr.indeed.com/%EC%B1%84%EC%9A%A9%EB%B3%B4%EA%B8%B0?jk=6327c7e5029de0b3
OTC운용팀 파생/IT 퀀트 경력직,유안타증권,대한민국,https://kr.indeed.com/%EC%B1%84%EC%9A%A9%EB%B3%B4%EA%B8%B0?jk=6b92af73c4433b6f
IT 경력사원 채용(클라우드 컨설팅),현대무벡스,서울 연지동,https://kr.indeed.com/%EC%B1%84%EC%9A%A9%EB%B3%B4%EA%B8%B0?jk=ee23c3006b07c11e
AI Algorithm Developer,펄핏,서울 강남구,https://kr.indeed.com/%EC%B1%84%EC%9A%A9%EB%B3%B4%EA%B8%B0?jk=88b7dece067cd1c6
[경력]게임 서버 개발 담당자,트리노드,서울 강남구,https://kr.indeed.com/%EC%B1%84%EC%9A%A9%EB%B3%B4%EA%B8%B0?jk=8e1c79cf2693adc7
"주식운용본부(인덱스, 퀀트)",현대인베스트먼트자산운용,대한민국,https://kr.indeed.com/%EC%B1%84%EC%9A%A9%EB%B3%B4%EA%B8%B0?jk=45194ff491600874
RF Production Test Engineer,Qualcomm,서울,https://kr.indeed.com/%EC%B1%84%EC%9A%A9%EB%B3%B4%EA%B8%B0?jk=9501d92030085af2
파이썬 중급개발자,퓨쳐위즈,서울 강남구,https://kr.indeed.com/%EC%B1%84%EC%9A%A9%EB%B3%B4%EA%B8%B0?jk=5ee29e41129934a3
빅데이터 사이언스,케이뱅크은행,서울,https://kr.indeed.com/%EC%B1%84%EC%9A%A9%EB%B3%B4%EA%B8%B0?jk=117108f4cde5b144
[반도체IP 기업] ISP 설계/개발 RTL Engineer (Senior급),커리어라임즈,서울,https://kr.indeed.com/%EC%B1%84%EC%9A%A9%EB%B3%B4%EA%B8%B0?jk=c4e3400a5a5761eb
SW전문위원(20년 이상) 및 해외영업 과차장급 컨설턴트(경력 7년 이상),한국컨설팅산업협회,서울 강남구,https://kr.indeed.com/%EC%B1%84%EC%9A%A9%EB%B3%B4%EA%B8%B0?jk=d6a2c8d60ad1662c
데이터 엔지니어,크로스앵글,서울 여의도,https://kr.indeed.com/%EC%B1%84%EC%9A%A9%EB%B3%B4%EA%B8%B0?jk=ae15250b0a7f47e0
[경력]머신러닝 엔지니어,캐치잇플레이,서울 서초구,https://kr.indeed.com/%EC%B1%84%EC%9A%A9%EB%B3%B4%EA%B8%B0?jk=bf86c18e15dfb8fc
IC 설계자동화 (EDA) 소프트웨어 (XMODEL) 모델 개발자 / 응용 엔지니어 (AE),사이언티픽아날로그,서울 서초구,https://kr.indeed.com/%EC%B1%84%EC%9A%A9%EB%B3%B4%EA%B8%B0?jk=48ff23ac8982670a
모바일앱 분석툴 유저해빗 웹개발자,유저해빗,서울 마포구,https://kr.indeed.com/%EC%B1%84%EC%9A%A9%EB%B3%B4%EA%B8%B0?jk=100bfdb71c3c4fde
Senior Technical Consultant,MathWorks,서울,https://kr.indeed.com/%EC%B1%84%EC%9A%A9%EB%B3%B4%EA%B8%B0?jk=22a5590c81649937
DevOps Engineer,Nielsen,서울,https://kr.indeed.com/%EC%B1%84%EC%9A%A9%EB%B3%B4%EA%B8%B0?jk=de8ad67cf88179fe
빅데이터 엔지니어 경력직(정규직),신한에이아이,서울 영등포구,https://kr.indeed.com/%EC%B1%84%EC%9A%A9%EB%B3%B4%EA%B8%B0?jk=59e5ed1c3c1ff691
"R&D Engineer, Sr II",Synopsys,서울,https://kr.indeed.com/%EC%B1%84%EC%9A%A9%EB%B3%B4%EA%B8%B0?jk=97cd5ccd438dc126
데이터 엔지니어,크로스앵글,서울 여의도,https://kr.indeed.com/%EC%B1%84%EC%9A%A9%EB%B3%B4%EA%B8%B0?jk=ae15250b0a7f47e0
웹 개발자 경력직,에이치랩,서울 마포구,https://kr.indeed.com/%EC%B1%84%EC%9A%A9%EB%B3%B4%EA%B8%B0?jk=b7882719628c957a
Cloud Support Engineer - Linux,Amazon Web Services Korea LLC,서울,https://kr.indeed.com/%EC%B1%84%EC%9A%A9%EB%B3%B4%EA%B8%B0?jk=982c2a9c3f3caba3
2019 Military Service Exemption Position Available at the IBS CMCM (Synthetic Organic/Polymer Chemistry OR Theoretical Study of Carbon and Related Materials),울산과학기술원,울산 언양읍,https://kr.indeed.com/%EC%B1%84%EC%9A%A9%EB%B3%B4%EA%B8%B0?jk=8becbf73bbda7c96
Technical Trainer - Amazon Web Services,Amazon Web Services Korea LLC,서울,https://kr.indeed.com/%EC%B1%84%EC%9A%A9%EB%B3%B4%EA%B8%B0?jk=f044d9361c664f80
웹 개발 경력(12년)직,비스퀘어,부산 해운대구,https://kr.indeed.com/%EC%B1%84%EC%9A%A9%EB%B3%B4%EA%B8%B0?jk=d33d4800a8505288
Engineer for RF PA Module Test,Qualcomm,서울,https://kr.indeed.com/%EC%B1%84%EC%9A%A9%EB%B3%B4%EA%B8%B0?jk=f94c9548ff7a6d66
Senior Specialist Consultant - AI/ML,Amazon Web Services Korea LLC,서울,https://kr.indeed.com/%EC%B1%84%EC%9A%A9%EB%B3%B4%EA%B8%B0?jk=b51ca785a45edf17
Software Engineer,Nexon,성남 분당구,https://kr.indeed.com/%EC%B1%84%EC%9A%A9%EB%B3%B4%EA%B8%B0?jk=49335253c9d14ed4
[반도체IP 기업] ISP 설계/개발 RTL Engineer (Senior급),커리어라임즈,서울,https://kr.indeed.com/%EC%B1%84%EC%9A%A9%EB%B3%B4%EA%B8%B0?jk=c4e3400a5a5761eb
Robot SW Engineer 그룹 IT인프라 구축,그룹 IT인프라 구축,서울특별시,https://kr.indeed.com/%EC%B1%84%EC%9A%A9%EB%B3%B4%EA%B8%B0?jk=7c7f6f9c070d78bd
Cloud Support Engineer - Developer and Mobile Services,Amazon Web Services Korea LLC,서울,https://kr.indeed.com/%EC%B1%84%EC%9A%A9%EB%B3%B4%EA%B8%B0?jk=930a6a7d80e095bc
[구직 Platform] Frontend 개발 전문가 급구,에이아이앤잡,서울 강남구,https://kr.indeed.com/%EC%B1%84%EC%9A%A9%EB%B3%B4%EA%B8%B0?jk=eabd2f2876b50a04
다크어벤저3 서버프로그래머 (경력3년이상),Nexon,성남 분당구,https://kr.indeed.com/%EC%B1%84%EC%9A%A9%EB%B3%B4%EA%B8%B0?jk=9610a215e43c2810
RF Production Test Engineer,Qualcomm,서울,https://kr.indeed.com/%EC%B1%84%EC%9A%A9%EB%B3%B4%EA%B8%B0?jk=9501d92030085af2
가상화폐 개발 경력자,휴먼디지털,서울,https://kr.indeed.com/%EC%B1%84%EC%9A%A9%EB%B3%B4%EA%B8%B0?jk=eb524bae20ec458a
"웹사이트운영, Trading System운영 외 신입/경력 정규직, 인턴",케이제이글로비스케이알,서울 강남구,https://kr.indeed.com/%EC%B1%84%EC%9A%A9%EB%B3%B4%EA%B8%B0?jk=566ede42b3bbefbd
백엔드 개발자 (경력),크로스앵글,서울 여의도,https://kr.indeed.com/%EC%B1%84%EC%9A%A9%EB%B3%B4%EA%B8%B0?jk=af5683389907a8c9
SAP Architect,Amazon Web Services Korea LLC,서울,https://kr.indeed.com/%EC%B1%84%EC%9A%A9%EB%B3%B4%EA%B8%B0?jk=9301d45725046c1b
"Technical Specialist, Professional Services (Korean, English)",Google,서울,https://kr.indeed.com/%EC%B1%84%EC%9A%A9%EB%B3%B4%EA%B8%B0?jk=fa839fed02943ef7
Senior Software Engineer,BOEING,서울,https://kr.indeed.com/%EC%B1%84%EC%9A%A9%EB%B3%B4%EA%B8%B0?jk=9f26c2fbcaf1b9bc
8퍼센트 경력 개발자,8퍼센트,서울 종로구,https://kr.indeed.com/%EC%B1%84%EC%9A%A9%EB%B3%B4%EA%B8%B0?jk=464ef95516a5fa5c
"IT 기획, 운영 (대리-과장급) 초빙 - 유명 유통사",로이스에이치알,서울,https://kr.indeed.com/%EC%B1%84%EC%9A%A9%EB%B3%B4%EA%B8%B0?jk=b4e795fb8e6fd0ed
Big Data Engineer,휴먼디지털,서울,https://kr.indeed.com/%EC%B1%84%EC%9A%A9%EB%B3%B4%EA%B8%B0?jk=6863b8ecbee9cb28
Staff Engineer for RF PA Module Test,Qualcomm,서울,https://kr.indeed.com/%EC%B1%84%EC%9A%A9%EB%B3%B4%EA%B8%B0?jk=2ee36692349dce88
"카카오콘 앱(iOS), 서버 경력 개발자",카카오페이,대한민국,https://kr.indeed.com/%EC%B1%84%EC%9A%A9%EB%B3%B4%EA%B8%B0?jk=b9974ad79659bb6d
Senior Solutions Architect - Amazon Connect,Amazon Web Services Korea LLC,서울,https://kr.indeed.com/%EC%B1%84%EC%9A%A9%EB%B3%B4%EA%B8%B0?jk=5c6723a17ad467f6
"Applications Engineer, Sr I",Synopsys,서울,https://kr.indeed.com/%EC%B1%84%EC%9A%A9%EB%B3%B4%EA%B8%B0?jk=3f5c12e67f5b979e
Support Engineer_Azure Networking,Microsoft,서울,https://kr.indeed.com/%EC%B1%84%EC%9A%A9%EB%B3%B4%EA%B8%B0?jk=25bbf0a06be8cf97
Sales Manager (Born in the Cloud),Hewlett Packard Enterprise,서울,https://kr.indeed.com/%EC%B1%84%EC%9A%A9%EB%B3%B4%EA%B8%B0?jk=1b68be0d8cba9f3e
"Senior MTS, Software/Firmware Engineer",Maxim Integrated,서울,https://kr.indeed.com/%EC%B1%84%EC%9A%A9%EB%B3%B4%EA%B8%B0?jk=3d3684a7416404d3
"Specialist Solutions Architect II, Analytics",Amazon Web Services Korea LLC,서울,https://kr.indeed.com/%EC%B1%84%EC%9A%A9%EB%B3%B4%EA%B8%B0?jk=0744d7fe5badb8a3
[반도체IP 기업] Video Codec - RTL Design/Verification (Jr/Sr급),커리어라임즈,서울,https://kr.indeed.com/%EC%B1%84%EC%9A%A9%EB%B3%B4%EA%B8%B0?jk=610fceacf4f96081
Platform/BSP SW APPS Engineering - Engineer/Sr. Engineer,Qualcomm,서울,https://kr.indeed.com/%EC%B1%84%EC%9A%A9%EB%B3%B4%EA%B8%B0?jk=103175b04a715b9b
Cloud Infrastructure Architect,Amazon Web Services Korea LLC,서울,https://kr.indeed.com/%EC%B1%84%EC%9A%A9%EB%B3%B4%EA%B8%B0?jk=6c193b454226bc93
백엔드 플랫폼 엔지니어 - Devops (신입),펍지,서울,https://kr.indeed.com/%EC%B1%84%EC%9A%A9%EB%B3%B4%EA%B8%B0?jk=adb5ac4e37052a3c
Senior Data Scientist - AWS Professional Services,Amazon Web Services Korea LLC,서울,https://kr.indeed.com/%EC%B1%84%EC%9A%A9%EB%B3%B4%EA%B8%B0?jk=37da5b148b2d3ef4
Automotive Display SW APPS Engineering - Engineer/Sr. Engineer,Qualcomm,서울,https://kr.indeed.com/%EC%B1%84%EC%9A%A9%EB%B3%B4%EA%B8%B0?jk=c853cf6736312a6e
키친엑스 자동화 기계관련 일 함께할 인재.(IOT시스템 구축),키친엑스,서울 갈월동,https://kr.indeed.com/%EC%B1%84%EC%9A%A9%EB%B3%B4%EA%B8%B0?jk=564ab7bb971c3486
데이터 개발 및 관리 운영자,에스비씨엔,서울 영등포구,https://kr.indeed.com/%EC%B1%84%EC%9A%A9%EB%B3%B4%EA%B8%B0?jk=155f9ec0ce645831
Java/Jsp/Front-end/WEB 개발자,에코소프트,경기도,https://kr.indeed.com/%EC%B1%84%EC%9A%A9%EB%B3%B4%EA%B8%B0?jk=e6ed4f83454aa0c3
성장하는 핀테크 스타트업 BackEnd Developer 경력직,웨이브릿지,서울 강남구,https://kr.indeed.com/%EC%B1%84%EC%9A%A9%EB%B3%B4%EA%B8%B0?jk=f8ee4cfdf4dd6934
DBA담당자,해커스,서울 강남구,https://kr.indeed.com/%EC%B1%84%EC%9A%A9%EB%B3%B4%EA%B8%B0?jk=1f7f2b48cf91125b
Cloud Storage Architect 국내 IT 대기업,국내 IT 대기업,서울특별시,https://kr.indeed.com/%EC%B1%84%EC%9A%A9%EB%B3%B4%EA%B8%B0?jk=703240f1af245dde
가상화폐 프로그래머,휴먼디지털,서울,https://kr.indeed.com/%EC%B1%84%EC%9A%A9%EB%B3%B4%EA%B8%B0?jk=527ede840149154c
AI(인공지능) 개발자,휴먼디지털,서울,https://kr.indeed.com/%EC%B1%84%EC%9A%A9%EB%B3%B4%EA%B8%B0?jk=d498993697237b33
WaveBridge BackEnd Developer 경력직,웨이브릿지,서울 강남구,https://kr.indeed.com/%EC%B1%84%EC%9A%A9%EB%B3%B4%EA%B8%B0?jk=ea7a7ab6e15151c1
Sr. Data Architect - Data Lakes & Analytics,Amazon Web Services Korea LLC,서울,https://kr.indeed.com/%EC%B1%84%EC%9A%A9%EB%B3%B4%EA%B8%B0?jk=39834f5337a56072
[경력] 회계 감사 디지털 전문가 - DPP,삼정 KPMG,서울 강남구,https://kr.indeed.com/%EC%B1%84%EC%9A%A9%EB%B3%B4%EA%B8%B0?jk=5104262b441217e5
Web 개발(이커머스 파트)_PHP/CodeIgniter/Javascript,버드뷰,서울 마포구,https://kr.indeed.com/%EC%B1%84%EC%9A%A9%EB%B3%B4%EA%B8%B0?jk=3292e81e43884c67
DevOps Engineer,딜리버리히어로코리아,서울 서초동,https://kr.indeed.com/%EC%B1%84%EC%9A%A9%EB%B3%B4%EA%B8%B0?jk=31e6a746ca6829d8
Front end 개발자,브릭,성남 분당구,https://kr.indeed.com/%EC%B1%84%EC%9A%A9%EB%B3%B4%EA%B8%B0?jk=cac18e6bcbee5a21
데이터분석 플랫폼 설계.개발.운영(대리-과장급) 초빙 - 유명 유통사,로이스에이치알,서울,https://kr.indeed.com/%EC%B1%84%EC%9A%A9%EB%B3%B4%EA%B8%B0?jk=e5fa9b6594f634fb
백엔드 플랫폼 엔지니어 - Devops (경력),펍지,서울,https://kr.indeed.com/%EC%B1%84%EC%9A%A9%EB%B3%B4%EA%B8%B0?jk=c0d0864dfaa84124
"Solutions Architect II - AI/ML Specialist, AWS Korea",Amazon Web Services Korea LLC,서울,https://kr.indeed.com/%EC%B1%84%EC%9A%A9%EB%B3%B4%EA%B8%B0?jk=6a52fffb245d6613
Software Engineer - Data Platform,펍지,서울,https://kr.indeed.com/%EC%B1%84%EC%9A%A9%EB%B3%B4%EA%B8%B0?jk=e53e9a565e6d79df
SW전문위원(20년 이상) 및 해외영업 과차장급 컨설턴트(경력 7년 이상),한국컨설팅산업협회,서울 강남구,https://kr.indeed.com/%EC%B1%84%EC%9A%A9%EB%B3%B4%EA%B8%B0?jk=d6a2c8d60ad1662c
[구직 Platform] Java Backend 개발자 급구,에이아이앤잡,서울 강남구,https://kr.indeed.com/%EC%B1%84%EC%9A%A9%EB%B3%B4%EA%B8%B0?jk=e8dbc25154e298a2
"Partner Solutions Architect III, Analytics Specialist",Amazon Web Services Korea LLC,서울,https://kr.indeed.com/%EC%B1%84%EC%9A%A9%EB%B3%B4%EA%B8%B0?jk=7a837beac7ac8bcd
Solutions Architect III - AWS Korea,Amazon Web Services Korea LLC,서울,https://kr.indeed.com/%EC%B1%84%EC%9A%A9%EB%B3%B4%EA%B8%B0?jk=8fc5722cb9223fea
서버 구축 및 관리 & PHP RESTFUL API 백엔드 개발자,캐시파이,서울 마포구,https://kr.indeed.com/%EC%B1%84%EC%9A%A9%EB%B3%B4%EA%B8%B0?jk=172fb63f77af453f
"신입 개발자(Python, jsp) 채용",오픈이노베이션랩,대전 유성구,https://kr.indeed.com/%EC%B1%84%EC%9A%A9%EB%B3%B4%EA%B8%B0?jk=d3b7b8e80f0e9e8f
Junior Open Source Intelligence Analyst,Barbaricum,경기도 평택,https://kr.indeed.com/%EC%B1%84%EC%9A%A9%EB%B3%B4%EA%B8%B0?jk=ef431e3d9b4f3f4c
Computational Linguist - AI (Natural Language Reasoning),MIND AI,서울,https://kr.indeed.com/%EC%B1%84%EC%9A%A9%EB%B3%B4%EA%B8%B0?jk=2bdd2465542edd04
AI Scientist - Symbolic AI (Natural Language Reasoning),MIND AI,서울,https://kr.indeed.com/%EC%B1%84%EC%9A%A9%EB%B3%B4%EA%B8%B0?jk=7b96b63ac704d98a
Junior Full-Stack Developer,Asiance,서울,https://kr.indeed.com/%EC%B1%84%EC%9A%A9%EB%B3%B4%EA%B8%B0?jk=7268328c0d71d81c
2019 카카오 개발자 겨울 인턴십 ( 연계형),카카오페이,대한민국,https://kr.indeed.com/%EC%B1%84%EC%9A%A9%EB%B3%B4%EA%B8%B0?jk=7945a0d89423d660
R&D 연구원,스칼라웍스,서울 금천구,https://kr.indeed.com/%EC%B1%84%EC%9A%A9%EB%B3%B4%EA%B8%B0?jk=bffe75d1e38dbd6e
Analog 설계 Logic 설계 Firmware 개발,하드웨어 및 펌웨어 시스템 솔루션 설계 및 개발,수원 영통역,https://kr.indeed.com/%EC%B1%84%EC%9A%A9%EB%B3%B4%EA%B8%B0?jk=9593a9ff08a55829
웹 풀스택 개발,수성엔지니어링,서울 송파구,https://kr.indeed.com/%EC%B1%84%EC%9A%A9%EB%B3%B4%EA%B8%B0?jk=de6ffdb310498af5
Researcher(AI/Deep Learning),Calm Island,서울,https://kr.indeed.com/%EC%B1%84%EC%9A%A9%EB%B3%B4%EA%B8%B0?jk=ba8773ea606ae9f3
Senior Business Analysis (Strategic Planning),Coupang,서울,https://kr.indeed.com/%EC%B1%84%EC%9A%A9%EB%B3%B4%EA%B8%B0?jk=5f3b7800e776da58
() Automotive 반도체 연구 개발 및 지원(FAE) 업무 - 상시 중,넥스트칩,성남 분당구,https://kr.indeed.com/%EC%B1%84%EC%9A%A9%EB%B3%B4%EA%B8%B0?jk=b8e67dbfa474f096
웹 어플리케이션 개발 로봇 카페 서버 개발 앱 백엔드 및 관리자 개발,150명 규모의 6년차 커피전문점 커피프랜차이즈,성남 분당구,https://kr.indeed.com/%EC%B1%84%EC%9A%A9%EB%B3%B4%EA%B8%B0?jk=6c08d4e5d7d11300
[Full-time] Quantitative Trading,Byzantine Partners,서울,https://kr.indeed.com/%EC%B1%84%EC%9A%A9%EB%B3%B4%EA%B8%B0?jk=ae4fe338c4db0799
주니어 데이터 사이언티스트 / Junior Data Scientist,Bagelcode,서울,https://kr.indeed.com/%EC%B1%84%EC%9A%A9%EB%B3%B4%EA%B8%B0?jk=81848f01b547f90b
주니어 데이터 엔지니어 / Junior Data Engineer,Bagelcode,서울,https://kr.indeed.com/%EC%B1%84%EC%9A%A9%EB%B3%B4%EA%B8%B0?jk=65232d6e37b8f7fb
국내 리딩 SI 솔루션 기업 Data Scientist 포지션ASAP,국내 리딩 ISI 솔루션 기업,서울 강남구,https://kr.indeed.com/%EC%B1%84%EC%9A%A9%EB%B3%B4%EA%B8%B0?jk=86cda25730ac8b95
Data Scientist,Tapjoy,서울,https://kr.indeed.com/%EC%B1%84%EC%9A%A9%EB%B3%B4%EA%B8%B0?jk=980af03df0416292
국내 리딩 SI 솔루션 기업 Data Scientist (제조)포지션ASAP,국내 리딩 SI솔루션 기업,서울 강남구,https://kr.indeed.com/%EC%B1%84%EC%9A%A9%EB%B3%B4%EA%B8%B0?jk=c71ce259812f9497
국내 메이저 SI기업 Data Scientist (제조) 포지션,국내 리딩 SI솔루션 기업,서울 송파구,https://kr.indeed.com/%EC%B1%84%EC%9A%A9%EB%B3%B4%EA%B8%B0?jk=0bbd3c4da4852f79
인간중심 지능형 시스템 연구실 위촉연구원,광주과학기술원,광주 북구,https://kr.indeed.com/%EC%B1%84%EC%9A%A9%EB%B3%B4%EA%B8%B0?jk=2485e93043545d8a
Field Application Engineer (FAE),LUCID Vision Labs,대한민국,https://kr.indeed.com/%EC%B1%84%EC%9A%A9%EB%B3%B4%EA%B8%B0?jk=56b86f7a1dc1dfe7
"컨설팅회사 분야별(PMO,PI,ISP, Data Analytics등)컨설턴트 포지션 asap",글로벌 메이저 컨설팅회사,서울 여의도역,https://kr.indeed.com/%EC%B1%84%EC%9A%A9%EB%B3%B4%EA%B8%B0?jk=25432db13648cddc
Senior Full-Stack Developer,Asiance,서울,https://kr.indeed.com/%EC%B1%84%EC%9A%A9%EB%B3%B4%EA%B8%B0?jk=dcbce45dbe2d3679
블록체인인터넷경제연구센터 위촉연구원,광주과학기술원,광주 북구,https://kr.indeed.com/%EC%B1%84%EC%9A%A9%EB%B3%B4%EA%B8%B0?jk=3e80435be74cd28f
"Principal, Business Analysis (Search and Discovery Analytics)",Coupang,서울,https://kr.indeed.com/%EC%B1%84%EC%9A%A9%EB%B3%B4%EA%B8%B0?jk=8d0b3a79363b5a69
Technical Writer,SendBird,서울,https://kr.indeed.com/%EC%B1%84%EC%9A%A9%EB%B3%B4%EA%B8%B0?jk=e5c63f4e86ceefda
WebRTC UC & Collaboration Developer,Ericsson,서울,https://kr.indeed.com/%EC%B1%84%EC%9A%A9%EB%B3%B4%EA%B8%B0?jk=404ca05b36be1e83
기후 분석&모델링연구실 시간제연구원,광주과학기술원,광주 북구,https://kr.indeed.com/%EC%B1%84%EC%9A%A9%EB%B3%B4%EA%B8%B0?jk=78d1ec77f4a5e0dc
"Director, Software Engineering (Coupang Eats)",Coupang,서울,https://kr.indeed.com/%EC%B1%84%EC%9A%A9%EB%B3%B4%EA%B8%B0?jk=a6a4b500fa0340d4
"DevOps Engineer JAVA, Python, Ruby, Node.js","15년 연혁의 시스템소프트웨어 개발,공급,홈페이지 구축,모바일컨텐츠서비스 개발 및 공급업체",서울 강남구,https://kr.indeed.com/%EC%B1%84%EC%9A%A9%EB%B3%B4%EA%B8%B0?jk=f856430ae22f90c1
Customer Facing Data Scientist,DataRobot,서울,https://kr.indeed.com/%EC%B1%84%EC%9A%A9%EB%B3%B4%EA%B8%B0?jk=823d9f2575fd87c4
Data Analyst,"Miso, inc",서울,https://kr.indeed.com/%EC%B1%84%EC%9A%A9%EB%B3%B4%EA%B8%B0?jk=4a94f2401f999ab6
Data Analyst (FC & Transportation),Coupang,서울,https://kr.indeed.com/%EC%B1%84%EC%9A%A9%EB%B3%B4%EA%B8%B0?jk=872e4ef109d7872a
자동화 기계관련 일을 함께할 인재,키친엑스,서울특별시,https://kr.indeed.com/%EC%B1%84%EC%9A%A9%EB%B3%B4%EA%B8%B0?jk=f43c4f4e6a9ba205
알고리즘 개발,인코리아 프로페셔널(헤드헌팅),서울 강남구,https://kr.indeed.com/%EC%B1%84%EC%9A%A9%EB%B3%B4%EA%B8%B0?jk=cf37184aa5ef1a46
블록체인인터넷경제 연구센터 위촉연구원,광주과학기술원,광주 북구,https://kr.indeed.com/%EC%B1%84%EC%9A%A9%EB%B3%B4%EA%B8%B0?jk=77d8e0149dad533b
글로벌 푸드테크 리딩컴퍼니 파이썬 개발자 (백엔드 엔지니어)포지션 ASAP,글로벌 푸드테크 리딩컴퍼니,서울,https://kr.indeed.com/%EC%B1%84%EC%9A%A9%EB%B3%B4%EA%B8%B0?jk=383a8d5fef032e2d
Junior Full-Stack Developer,Asiance,서울,https://kr.indeed.com/%EC%B1%84%EC%9A%A9%EB%B3%B4%EA%B8%B0?jk=7268328c0d71d81c
NGS 시퀀싱 빅데이터 AI 분석 신약센터 연구원 신약센터 PM,"체외진단기기 개발, 분석시스템",서울 상암동,https://kr.indeed.com/%EC%B1%84%EC%9A%A9%EB%B3%B4%EA%B8%B0?jk=0045540e3863ded2
Software Engineer,ODK Media Inc,서울 강남구,https://kr.indeed.com/%EC%B1%84%EC%9A%A9%EB%B3%B4%EA%B8%B0?jk=6daac0e14dba7787
"Principal, Strategic Planning",Coupang,서울,https://kr.indeed.com/%EC%B1%84%EC%9A%A9%EB%B3%B4%EA%B8%B0?jk=8b29e16a2f9665f2
Data Analyst (FC & Transportation),Coupang,서울,https://kr.indeed.com/%EC%B1%84%EC%9A%A9%EB%B3%B4%EA%B8%B0?jk=872e4ef109d7872a
의료 영상처리 엔지니어,인코리아 프로페셔널(헤드헌팅),서울 강남구,https://kr.indeed.com/%EC%B1%84%EC%9A%A9%EB%B3%B4%EA%B8%B0?jk=7e39ea40065ef05d
Field Service Engineer,Novetta,서울,https://kr.indeed.com/%EC%B1%84%EC%9A%A9%EB%B3%B4%EA%B8%B0?jk=aefb647f9116ad28
해외 근무가능한 PIE( Process Integration Engineering) 엔지니어,"해외있는 S,H사 같은 규모큰 반도체 Chip Maker 회사",성남 판교역,https://kr.indeed.com/%EC%B1%84%EC%9A%A9%EB%B3%B4%EA%B8%B0?jk=cb0bde3d5f4654b8
Data Analyst,"Miso, inc",서울,https://kr.indeed.com/%EC%B1%84%EC%9A%A9%EB%B3%B4%EA%B8%B0?jk=4a94f2401f999ab6
자동화 기계관련 일을 함께할 인재,키친엑스,서울특별시,https://kr.indeed.com/%EC%B1%84%EC%9A%A9%EB%B3%B4%EA%B8%B0?jk=f43c4f4e6a9ba205
Front end / Back end,코아시아세미,서울 송파구,https://kr.indeed.com/%EC%B1%84%EC%9A%A9%EB%B3%B4%EA%B8%B0?jk=eb39073f59f395b5
알고리즘 개발,인코리아 프로페셔널(헤드헌팅),서울 강남구,https://kr.indeed.com/%EC%B1%84%EC%9A%A9%EB%B3%B4%EA%B8%B0?jk=cf37184aa5ef1a46
[수시] ESTsecurity 웹프론트 개발 (경력),이스트소프트,서울 서초구,https://kr.indeed.com/%EC%B1%84%EC%9A%A9%EB%B3%B4%EA%B8%B0?jk=bfee747ee084b019
[수시] ESTsecurity 서버 백엔드 개발 (경력),이스트소프트,서울 서초구,https://kr.indeed.com/%EC%B1%84%EC%9A%A9%EB%B3%B4%EA%B8%B0?jk=4baef3431a39f0c4
국내 리딩 SI 솔루션 기업 Data Scientist 포지션ASAP,국내 리딩 ISI 솔루션 기업,서울 강남구,https://kr.indeed.com/%EC%B1%84%EC%9A%A9%EB%B3%B4%EA%B8%B0?jk=86cda25730ac8b95
SDDC 클라우드 인프라 엔지니어 (네트워크 5년 이상),"15년 연혁의 시스템소프트웨어 개발,공급,홈페이지 구축,모바일컨텐츠서비스 개발 및 공급업체",서울 강남구,https://kr.indeed.com/%EC%B1%84%EC%9A%A9%EB%B3%B4%EA%B8%B0?jk=7b961ed31add4f36
"SDDC 클라우드 인프라 엔지니어 (서버 가상화, 스토리지 5년 이상)","15년 연혁의 시스템소프트웨어 개발,공급,홈페이지 구축,모바일컨텐츠서비스 개발 및 공급업체",서울 강남구,https://kr.indeed.com/%EC%B1%84%EC%9A%A9%EB%B3%B4%EA%B8%B0?jk=4a0e20ef2e29feeb
[IDC 기업] OpenStack 엔지니어,에이치알 컨설팅,성남 분당구,https://kr.indeed.com/%EC%B1%84%EC%9A%A9%EB%B3%B4%EA%B8%B0?jk=94e0da435add40a4
Infrastructure (DevOps) Engineer,SendBird,서울,https://kr.indeed.com/%EC%B1%84%EC%9A%A9%EB%B3%B4%EA%B8%B0?jk=4639db660bb6e345
외국계 반도체 Verification Engineer,규모가 큰 외국계 반도체 Design House,성남 분당구,https://kr.indeed.com/%EC%B1%84%EC%9A%A9%EB%B3%B4%EA%B8%B0?jk=a8dad71cfd67845d
[IDC 기업] 리눅스 엔지니어,에이치알 컨설팅,대한민국,https://kr.indeed.com/%EC%B1%84%EC%9A%A9%EB%B3%B4%EA%B8%B0?jk=05394d3059136a32
Principal Business Analysis (Growth Marketing Analytics),Coupang,서울,https://kr.indeed.com/%EC%B1%84%EC%9A%A9%EB%B3%B4%EA%B8%B0?jk=2b8a63d6cc91a04c
글로벌 푸드테크 리딩컴퍼니 파이썬 개발자 (백엔드 엔지니어)포지션 ASAP,글로벌 푸드테크 리딩컴퍼니,서울,https://kr.indeed.com/%EC%B1%84%EC%9A%A9%EB%B3%B4%EA%B8%B0?jk=383a8d5fef032e2d
ASIC 프론트엔드 및 백엔드 Engineer,15년 이상 연혁의 1000억 이상 매출,성남 분당구,https://kr.indeed.com/%EC%B1%84%EC%9A%A9%EB%B3%B4%EA%B8%B0?jk=9c3f4a39c916497c
"컨설팅회사 분야별(PMO,PI,ISP, Data Analytics등)컨설턴트 포지션 asap",글로벌 메이저 컨설팅회사,서울 여의도역,https://kr.indeed.com/%EC%B1%84%EC%9A%A9%EB%B3%B4%EA%B8%B0?jk=25432db13648cddc
VP of Engineering,"Miso, inc",서울,https://kr.indeed.com/%EC%B1%84%EC%9A%A9%EB%B3%B4%EA%B8%B0?jk=f5db97b4d95cbc04
Front-End Design Back-End Design,반도체,성남 판교역,https://kr.indeed.com/%EC%B1%84%EC%9A%A9%EB%B3%B4%EA%B8%B0?jk=d409e77a32705a9a
Customer Facing Data Scientist,Ever Better Recruitment (EBR),서울,https://kr.indeed.com/%EC%B1%84%EC%9A%A9%EB%B3%B4%EA%B8%B0?jk=b06176c3a7092e0a
Front-end Developer,"Miso, inc",서울,https://kr.indeed.com/%EC%B1%84%EC%9A%A9%EB%B3%B4%EA%B8%B0?jk=9f7d7cbe5e172a01
[금융지주 계열사] AI개발 / Data Scientist,에이치알 컨설팅,대한민국,https://kr.indeed.com/%EC%B1%84%EC%9A%A9%EB%B3%B4%EA%B8%B0?jk=c549292aede07d52
Analog 설계 Logic 설계 Firmware 개발,하드웨어 및 펌웨어 시스템 솔루션 설계 및 개발,수원 영통역,https://kr.indeed.com/%EC%B1%84%EC%9A%A9%EB%B3%B4%EA%B8%B0?jk=9593a9ff08a55829
"[데이터 사이언티스트] 이미지 처리 기반 (R, Python, C++)",세계에서 가장 빠른 슈퍼박테리아 검사기술기업,서울 가산동,https://kr.indeed.com/%EC%B1%84%EC%9A%A9%EB%B3%B4%EA%B8%B0?jk=3593997b29d7bc8a
"로봇관련, R&D_로봇 Skill 개발",4차산업 공장 자동화 기기 및 소프트웨어,경기도 수원,https://kr.indeed.com/%EC%B1%84%EC%9A%A9%EB%B3%B4%EA%B8%B0?jk=50d0ae3f24a94532
서버 개발 백엔드 교육 강사,패스트캠퍼스(Fastcampus),서울 성동구,https://kr.indeed.com/%EC%B1%84%EC%9A%A9%EB%B3%B4%EA%B8%B0?jk=14d92cf867237189
"Principal, Data Engineer (EDW Data Processing)",Coupang,서울,https://kr.indeed.com/%EC%B1%84%EC%9A%A9%EB%B3%B4%EA%B8%B0?jk=f79f6cd3e91fcc1a
[금융지주 계열사] 빅데이터 엔지니어,에이치알 컨설팅,대한민국,https://kr.indeed.com/%EC%B1%84%EC%9A%A9%EB%B3%B4%EA%B8%B0?jk=ead7fe51057b0d16
[IDC 기업] API 개발자,에이치알 컨설팅,성남 분당구,https://kr.indeed.com/%EC%B1%84%EC%9A%A9%EB%B3%B4%EA%B8%B0?jk=8e432471acbf1c01
Full Stack Developer,"Miso, inc",서울,https://kr.indeed.com/%EC%B1%84%EC%9A%A9%EB%B3%B4%EA%B8%B0?jk=754348a9c3f08d66
CRM 분석,인코리아 프로페셔널(헤드헌팅),서울 강남구,https://kr.indeed.com/%EC%B1%84%EC%9A%A9%EB%B3%B4%EA%B8%B0?jk=0e493900639e80e7
Data Scientist,해외송금 전문업체,서울 강남구,https://kr.indeed.com/%EC%B1%84%EC%9A%A9%EB%B3%B4%EA%B8%B0?jk=2dc2ee20d4506d5f
Cloud Security Engineer,SendBird,서울,https://kr.indeed.com/%EC%B1%84%EC%9A%A9%EB%B3%B4%EA%B8%B0?jk=9a44a1a18ab4635c
"PMU, ADC, DAC IP가 적용된 IC제품) 유경험자",서울 강남 소재 반도체 팹리스,서울 강남구,https://kr.indeed.com/%EC%B1%84%EC%9A%A9%EB%B3%B4%EA%B8%B0?jk=f890dffe35824dd3
Senior Software Engineer - Mobile App,ODK Media Inc,서울 강남구,https://kr.indeed.com/%EC%B1%84%EC%9A%A9%EB%B3%B4%EA%B8%B0?jk=42cbe47d02dd0012
"AWS 클라우드 기반 데이터 추출, 정제, 통계 분석, 기계 학습, AI, Reporting","15년 연혁의 시스템소프트웨어 개발,공급,홈페이지 구축,모바일컨텐츠서비스 개발 및 공급업체",서울 강남구,https://kr.indeed.com/%EC%B1%84%EC%9A%A9%EB%B3%B4%EA%B8%B0?jk=d7c92fe3cb2a25a7
"Principal, Business Analysis (Coupang Eats)",Coupang,서울,https://kr.indeed.com/%EC%B1%84%EC%9A%A9%EB%B3%B4%EA%B8%B0?jk=2cca42ee0951d4be
"대기업(연구센터) Data Scientist 채용, 석사이상",대기업 (R&D 센터),서울,https://kr.indeed.com/%EC%B1%84%EC%9A%A9%EB%B3%B4%EA%B8%B0?jk=0fa40c1f36fac7ee
[대기업] 빅데이터 분석기술 개발,에이치알 컨설팅,대한민국,https://kr.indeed.com/%EC%B1%84%EC%9A%A9%EB%B3%B4%EA%B8%B0?jk=099a40b7f0c5c683
서버 개발자,유명메신저회사,서울 강남구,https://kr.indeed.com/%EC%B1%84%EC%9A%A9%EB%B3%B4%EA%B8%B0?jk=c27446d05a42ff57
[대기업] 딥러닝/영상처리,에이치알 컨설팅,대한민국,https://kr.indeed.com/%EC%B1%84%EC%9A%A9%EB%B3%B4%EA%B8%B0?jk=9f77af47cf31ddfa
React Native Developer,"Miso, inc",서울,https://kr.indeed.com/%EC%B1%84%EC%9A%A9%EB%B3%B4%EA%B8%B0?jk=315c65b8337d3e7a
Principal Business Analysis (Growth Marketing Analytics),Coupang,서울,https://kr.indeed.com/%EC%B1%84%EC%9A%A9%EB%B3%B4%EA%B8%B0?jk=2b8a63d6cc91a04c
Back-end Developer,"Miso, inc",서울,https://kr.indeed.com/%EC%B1%84%EC%9A%A9%EB%B3%B4%EA%B8%B0?jk=80d3108dade97b0f
저축은행 소비자금융 Data Science,국내자본 저축은행,서울 구로구,https://kr.indeed.com/%EC%B1%84%EC%9A%A9%EB%B3%B4%EA%B8%B0?jk=9cd311595b3e4bea
저축은행 소비자금융 Data Science 팀,국내자본 저축은행,서울 구로구,https://kr.indeed.com/%EC%B1%84%EC%9A%A9%EB%B3%B4%EA%B8%B0?jk=cdf617324298bb9d
CRM 분석,인코리아 프로페셔널(헤드헌팅),서울 강남구,https://kr.indeed.com/%EC%B1%84%EC%9A%A9%EB%B3%B4%EA%B8%B0?jk=0e493900639e80e7
데이터 분석가 / Business Analyst,Bagelcode,서울,https://kr.indeed.com/%EC%B1%84%EC%9A%A9%EB%B3%B4%EA%B8%B0?jk=f10477b81840d778
Database Engineer (Storage Platform),Coupang,서울,https://kr.indeed.com/%EC%B1%84%EC%9A%A9%EB%B3%B4%EA%B8%B0?jk=94f2bbbeb53f3458
검색 엔지니어,myrealtrip,서울,https://kr.indeed.com/%EC%B1%84%EC%9A%A9%EB%B3%B4%EA%B8%B0?jk=7073986757d79e0c
"Senior, Software Engineer (Search Quality Assurance)",Coupang,서울,https://kr.indeed.com/%EC%B1%84%EC%9A%A9%EB%B3%B4%EA%B8%B0?jk=7a08f5e589b10a00
Cloud Security Engineer,SendBird,서울,https://kr.indeed.com/%EC%B1%84%EC%9A%A9%EB%B3%B4%EA%B8%B0?jk=9a44a1a18ab4635c
반도체 PI(Frontend) PD(Backend),대기업과 합작한 유망한 외국계 반도체 벤처기업,서울 강남구,https://kr.indeed.com/%EC%B1%84%EC%9A%A9%EB%B3%B4%EA%B8%B0?jk=973aa090ad5dc143
Infrastructure (DevOps) Engineer,SendBird,서울,https://kr.indeed.com/%EC%B1%84%EC%9A%A9%EB%B3%B4%EA%B8%B0?jk=4639db660bb6e345
"Principal, Business Analysis (Coupang Eats)",Coupang,서울,https://kr.indeed.com/%EC%B1%84%EC%9A%A9%EB%B3%B4%EA%B8%B0?jk=2cca42ee0951d4be
반도체 frontend engineer,반도체,서울 동작구,https://kr.indeed.com/%EC%B1%84%EC%9A%A9%EB%B3%B4%EA%B8%B0?jk=a0a9534f0fd9e72c
Back-end Engineer,Terra,서울,https://kr.indeed.com/%EC%B1%84%EC%9A%A9%EB%B3%B4%EA%B8%B0?jk=f915f667e4052f91
서버 개발 백엔드 교육 강사,패스트캠퍼스(Fastcampus),서울 성동구,https://kr.indeed.com/%EC%B1%84%EC%9A%A9%EB%B3%B4%EA%B8%B0?jk=14d92cf867237189
Senior Business Analyst (Retail Program Management),Coupang,서울,https://kr.indeed.com/%EC%B1%84%EC%9A%A9%EB%B3%B4%EA%B8%B0?jk=7772fd53bc80acde
Senior Back-end Developer,Asiance,서울,https://kr.indeed.com/%EC%B1%84%EC%9A%A9%EB%B3%B4%EA%B8%B0?jk=27352452ed0a0ea9
"Senior, Software Engineer (Recommendations)",Coupang,서울,https://kr.indeed.com/%EC%B1%84%EC%9A%A9%EB%B3%B4%EA%B8%B0?jk=90d6728c4bee5b37
저축은행 디지털뱅킹팀 데이터분석 경력,국내자본 저축은행,서울 구로구,https://kr.indeed.com/%EC%B1%84%EC%9A%A9%EB%B3%B4%EA%B8%B0?jk=53ced11b1e0addce
"Cloud DBA RDBMS(Oracle, Mysql, Postgresql, MS-SQL 등) 관리 및 운영","15년 연혁의 시스템소프트웨어 개발,공급,홈페이지 구축,모바일컨텐츠서비스 개발 및 공급업체",서울 강남구,https://kr.indeed.com/%EC%B1%84%EC%9A%A9%EB%B3%B4%EA%B8%B0?jk=e2aaedce173f1b06
"Cloud기반의 인프라 운용 및 OS(Linux, Windows)/application 의 운용이 가능한 인원 또는 교육 이수자","15년 연혁의 시스템소프트웨어 개발,공급,홈페이지 구축,모바일컨텐츠서비스 개발 및 공급업체",서울 강남구,https://kr.indeed.com/%EC%B1%84%EC%9A%A9%EB%B3%B4%EA%B8%B0?jk=cb5de3f9d0a98a7c
Senior Software Engineer - Mobile App,ODK Media Inc,서울 강남구,https://kr.indeed.com/%EC%B1%84%EC%9A%A9%EB%B3%B4%EA%B8%B0?jk=42cbe47d02dd0012
Sr. Back-end Engineer (Query Understanding),Coupang,서울,https://kr.indeed.com/%EC%B1%84%EC%9A%A9%EB%B3%B4%EA%B8%B0?jk=0df2999925f12355
Application Architect는 기업 IT인프라에 WEB/WAS 및 Application에 대한 Config 및 파라미터 튜닝,"15년 연혁의 시스템소프트웨어 개발,공급,홈페이지 구축,모바일컨텐츠서비스 개발 및 공급업체",서울 강남구,https://kr.indeed.com/%EC%B1%84%EC%9A%A9%EB%B3%B4%EA%B8%B0?jk=67aeadb8192fa39f
RF Layout engineer 5G NR Software Engineer,무선랜 와이브로칩 등 통신용반도체설계 및 전자부품 시스템 연구개발사업,서울 동작구,https://kr.indeed.com/%EC%B1%84%EC%9A%A9%EB%B3%B4%EA%B8%B0?jk=e81e92deba0f2c73
Digital Logic Design Engineer 및 SoC 설계 엔지니어,무선랜 와이브로칩 등 통신용반도체설계 및 전자부품 시스템 연구개발사업,서울 동작구,https://kr.indeed.com/%EC%B1%84%EC%9A%A9%EB%B3%B4%EA%B8%B0?jk=3fc79f0f6bbc3694
저축은행 디지털 LAB,국내자본 저축은행,서울 구로구,https://kr.indeed.com/%EC%B1%84%EC%9A%A9%EB%B3%B4%EA%B8%B0?jk=3ca47f227f783ee5
저축은행 소비자금융본부 Data Science 팀,국내자본 저축은행,서울 구로구,https://kr.indeed.com/%EC%B1%84%EC%9A%A9%EB%B3%B4%EA%B8%B0?jk=7376f377161ea4f2
저축은행 다이랙트마케팅팀 데이터분석,국내자본 저축은행,서울 구로구,https://kr.indeed.com/%EC%B1%84%EC%9A%A9%EB%B3%B4%EA%B8%B0?jk=79da9b878d3d8709
시스템 프로그래머,에너지 거래소 및 에너지데이터 중개,서울,https://kr.indeed.com/%EC%B1%84%EC%9A%A9%EB%B3%B4%EA%B8%B0?jk=33fbfcd01ae23602
서버 개발자,유명메신저회사,서울 강남구,https://kr.indeed.com/%EC%B1%84%EC%9A%A9%EB%B3%B4%EA%B8%B0?jk=0a8de9ccfaf243ab
"AWS 클라우드 기반 Data Lake, Big Data, DW, AI, Analytics, CRM 관련 사업 데이터 모델","15년 연혁의 시스템소프트웨어 개발,공급,홈페이지 구축,모바일컨텐츠서비스 개발 및 공급업체",서울 강남구,https://kr.indeed.com/%EC%B1%84%EC%9A%A9%EB%B3%B4%EA%B8%B0?jk=5933a93e649b6a49
Data Scientist (사원~차장급),에이치알 컨설팅,서울 강남역,https://kr.indeed.com/%EC%B1%84%EC%9A%A9%EB%B3%B4%EA%B8%B0?jk=c57925000772d546
Data Scientist,에너지 거래소 및 에너지데이터 중개,서울,https://kr.indeed.com/%EC%B1%84%EC%9A%A9%EB%B3%B4%EA%B8%B0?jk=1622a08497f8c091
저축은행 앱마케팅팀,국내자본 저축은행,서울 구로구,https://kr.indeed.com/%EC%B1%84%EC%9A%A9%EB%B3%B4%EA%B8%B0?jk=35cefd4d91c7b366
ICT 서비스본부 디지털LAB,국내자본 저축은행,서울 구로구,https://kr.indeed.com/%EC%B1%84%EC%9A%A9%EB%B3%B4%EA%B8%B0?jk=e0751dcb592aa9cc
디지털마케팅본부 수신상품 기획 및 전략수립 경력자,국내자본 저축은행,서울,https://kr.indeed.com/%EC%B1%84%EC%9A%A9%EB%B3%B4%EA%B8%B0?jk=509e7ab10e54f962
저축은행 디지털뱅킹팀 데이터분석,국내자본 저축은행,서울 구로구,https://kr.indeed.com/%EC%B1%84%EC%9A%A9%EB%B3%B4%EA%B8%B0?jk=51dcabafcf7a0bb0
디지털LAB 신기술파트,국내자본 저축은행,서울 구로구,https://kr.indeed.com/%EC%B1%84%EC%9A%A9%EB%B3%B4%EA%B8%B0?jk=d24428ed26f0b058
클라우드 인프라 엔지니어,에이치알 컨설팅,서울 신대방동,https://kr.indeed.com/%EC%B1%84%EC%9A%A9%EB%B3%B4%EA%B8%B0?jk=398910d911cb1d8f
Operations Associate (운영팀원) - 한국,Beam,서울,https://kr.indeed.com/%EC%B1%84%EC%9A%A9%EB%B3%B4%EA%B8%B0?jk=e58c6fe6fd87f03e
[IDC 기업] API 개발자,에이치알 컨설팅,성남 분당구,https://kr.indeed.com/%EC%B1%84%EC%9A%A9%EB%B3%B4%EA%B8%B0?jk=8e432471acbf1c01
Back-end Web Engineer,Success Korea,서울 서초구,https://kr.indeed.com/%EC%B1%84%EC%9A%A9%EB%B3%B4%EA%B8%B0?jk=89067ba5fc5296c0
운영(Business Operation Management) 경력자,유명메신저회사,서울 성동구,https://kr.indeed.com/%EC%B1%84%EC%9A%A9%EB%B3%B4%EA%B8%B0?jk=caccb1d9be6bc918
Fullstack SW개발자,신재생에너지 분야 솔루션기업,성남 판교역,https://kr.indeed.com/%EC%B1%84%EC%9A%A9%EB%B3%B4%EA%B8%B0?jk=a2089ff8a19a429f
Operations Manager (운영팀장) - 한국,Beam,서울,https://kr.indeed.com/%EC%B1%84%EC%9A%A9%EB%B3%B4%EA%B8%B0?jk=43bf0c7e2b10e9b5
博多駅 |組込み開発エンジニア(SE PG)年間休日120日以上 福利厚生充実 資格取得支援あり|アプリケーション設計(汎用機 制御系),株式会社D-design 福岡支店,"Fukuoka, Japan",https://stackoverflow.com/jobs/316530
春日原駅 |防災システムの開発技術者100%自社開発 福岡からの転勤なし|データベース設計 構築 運用 保守(オープン WEB系),光陽無線株式会社 本社,"Kasuga, Japan",https://stackoverflow.com/jobs/346118
암호화폐거래소 고팍스(GOPAX) 백엔드 엔지니어 모집,Streami Inc.,"Seoul, South Korea",https://stackoverflow.com/jobs/298077
開発エンジニア,株式会社Jストリーム,"福岡市, Japan",https://stackoverflow.com/jobs/312072
製造業向けシステム詳細設計 (システム開発会社) C#,株式会社スタッフサービス,"Fukuoka, Japan",https://stackoverflow.com/jobs/345426
【福岡】ソフトウェアエンジニア(Site Reliability) / その他IT/Web・通信・インターネット系,GMOペパボ 株式会社,"Fukuoka, Japan",https://stackoverflow.com/jobs/345425
動画サービス開発エンジニア / インターネット/Webサービス・ASP,株式会社 Jストリーム,"Fukuoka, Japan",https://stackoverflow.com/jobs/345424
Webアプリケーションエンジニア / システムインテグレータ・ソフトハウス,株式会社 Aprender,"Fukuoka, Japan",https://stackoverflow.com/jobs/345423
【TechJIN】保守運用エンジニア / インターネット/Webサービス・ASP,株式会社 フロムスクラッチ,"Fukuoka, Japan",https://stackoverflow.com/jobs/345422
【福岡】サーバーエンジニア募集,株式会社　ジェイテック,"Fukuoka, Japan",https://stackoverflow.com/jobs/345421
IoTエンジニア/土日祝休み/子育て中のパパ・ママ多数在籍!,サンビット株式会社,"Fukuoka, Japan",https://stackoverflow.com/jobs/345420
【福岡】プログラマー募集,株式会社　ジェイテック,"Fukuoka, Japan",https://stackoverflow.com/jobs/345419
採用祝い金有 システム関連　システムエンジニア #副業可能#寮あり#上京してフルタイム勤務#スキルアップ,ライフラボ福岡営業所,"Fukuoka, Japan",https://stackoverflow.com/jobs/345418
【福岡】システムエンジニア募集,株式会社　ジェイテック,"Fukuoka, Japan",https://stackoverflow.com/jobs/345417
Webエンジニア残業月15時間 在宅勤務/アジャイル開発,株式会社メンバーズエッジ,"Fukuoka, Japan",https://stackoverflow.com/jobs/345416
【正社員】システムエンジニア/福岡,富士インフォックス・ネット株式会社,"Fukuoka, Japan",https://stackoverflow.com/jobs/345415
システムエンジニア(福岡勤務) / システムインテグレータ・ソフトハウス,アジアクエスト 株式会社,"Fukuoka, Japan",https://stackoverflow.com/jobs/344950
ソフトウェア開発基本設計 (ソフトウェア開発会社) Java,株式会社スタッフサービス,"Fukuoka, Japan",https://stackoverflow.com/jobs/309223
プロジェクトマネジャー(LINEサービス),LINE Fukuoka 株式会社,"Fukuoka, Japan",https://stackoverflow.com/jobs/309222
電力系システム開発プログラミング (ソフトウェア開発会社) Java,株式会社スタッフサービス,"Fukuoka, Japan",https://stackoverflow.com/jobs/309221
BIシステム担当 / その他商社・流通・小売系,嘉穂無線ホールディングス 株式会社,"Fukuoka, Japan",https://stackoverflow.com/jobs/309220
ITエンジニア / Webサービス系エンジニア・プログラマ,株式会社キャリア・リード,"福岡市, Japan",https://stackoverflow.com/jobs/309219
《福岡》連携エンジニア/医療システム「SafeMaster」,株式会社セーフマスター,"Fukuoka, Japan",https://stackoverflow.com/jobs/309218
エンジニア(福岡) / システムインテグレータ・ソフトハウス,株式会社 ユニゾンシステムズ,"Fukuoka, Japan",https://stackoverflow.com/jobs/309215
開発マネージャー / 飲食・旅行・レジャー・アミューズメント,株式会社 Hosty,"Fukuoka, Japan",https://stackoverflow.com/jobs/309213
業務システム開発PM,LINE Fukuoka 株式会社,"Fukuoka, Japan",https://stackoverflow.com/jobs/309211
アプリ開発エンジニア(福岡オフィス) / インターネット/Webサービス・ASP,クラウドエース 株式会社,"Fukuoka, Japan",https://stackoverflow.com/jobs/309210
長期インターンシップ エンジニア/プログラミング,株式会社Fusic,"福岡市, Japan",https://stackoverflow.com/jobs/309134
プログラマー(福岡:物流・EDI) / システムインテグレータ・ソフトハウス,株式会社 リンネット,"Fukuoka, Japan",https://stackoverflow.com/jobs/309132
システムエンジニア(福岡:物流・EDI) / システムインテグレータ・ソフトハウス,株式会社 リンネット,"Fukuoka, Japan",https://stackoverflow.com/jobs/309131
【福岡勤務】ソフトウェアエンジニア(マネージャー) / システムインテグレータ・ソフトハウス,株式会社 パネイル,"Fukuoka, Japan",https://stackoverflow.com/jobs/309130
サーバーレス開発エンジニア(福岡) / システムインテグレータ・ソフトハウス,株式会社 サーバーワークス,"Fukuoka, Japan",https://stackoverflow.com/jobs/309129
Webエンジニア※福岡勤務 / その他IT/Web・通信・インターネット系,株式会社 ケセラセラ,"Fukuoka, Japan",https://stackoverflow.com/jobs/309124
プログラマ,株式会社ファインディックス,"Fukuoka, Japan",https://stackoverflow.com/jobs/309123
Webプログラマー/AI(人工知能)/自社サービス【業界・フェーズ・年数不問】福岡 / インターネット/Webサービス・ASP,木村情報技術 株式会社,"Fukuoka, Japan",https://stackoverflow.com/jobs/309119
博多駅近勤務 転勤なし プログラマ,西肥情報サービス株式会社,"Fukuoka, Japan",https://stackoverflow.com/jobs/308907
上級SE,ネットフォース株式会社,"Fukuoka, Japan",https://stackoverflow.com/jobs/308901
プログラマ,木村情報技術株式会社,"Fukuoka, Japan",https://stackoverflow.com/jobs/310965
フルスタックエンジニア(フロント + バック) / システムインテグレータ・ソフトハウス,株式会社 グッド・サン ホールディングス,"Fukuoka, Japan",https://stackoverflow.com/jobs/343830
[배달의민족부문] 검색서비스 개발자 모집,Woowa Brothers,"Sincheon-dong, South Korea",https://stackoverflow.com/jobs/277548
東比恵駅 |組込み開発エンジニア(SE PG)年間休日120日以上 福利厚生充実 資格取得支援あり|アプリケーション設計(汎用機 制御系),株式会社D-design 福岡支店,"Fukuoka, Japan",https://stackoverflow.com/jobs/343135
インフラ開発エンジニア(ネットワーク),LINE Fukuoka 株式会社,"Fukuoka, Japan",https://stackoverflow.com/jobs/343134
南福岡駅 |防災システムの開発技術者100%自社開発 福岡からの転勤なし|データベース設計 構築 運用 保守(オープン WEB系),光陽無線株式会社 本社,"Fukuoka, Japan",https://stackoverflow.com/jobs/309217
SE/PG/IT・クリエイティブ 福岡がいい街やけん 転勤無し システム開発 未経験可,株式会社エフェクト,"Fukuoka, Japan",https://stackoverflow.com/jobs/342776
サーバ・ネットワークエンジニア,デフィデ株式会社,"Fukuoka, Japan",https://stackoverflow.com/jobs/342486
SE,デフィデ株式会社,"Fukuoka, Japan",https://stackoverflow.com/jobs/342485
Software Engineer (Backend),"beNX CO., LTD","Teheran-ro 108-gil, South Korea",https://stackoverflow.com/jobs/321209
サーバーエンジニア,インベイズ株式会社,"Kanzaki, Japan",https://stackoverflow.com/jobs/340880
業務系システム基本設計 (ソフト開発会社) Java,株式会社スタッフサービス,"Kitakyushu, Japan",https://stackoverflow.com/jobs/340232
大手安定×高時給 業務系システム開発@小倉駅近 Java,株式会社スタッフサービス　エンジニアガイド,"Kitakyushu, Japan",https://stackoverflow.com/jobs/340231
Software Engineer (Monitoring System) - Working in Japan,LINE Fukuoka,"Fukuoka, Japan",https://stackoverflow.com/jobs/273841
佐世保市勤務 転勤なし プログラマ,西肥情報サービス株式会社,"Sasebo, Japan",https://stackoverflow.com/jobs/319438
Webエンジニア残業月15時間 在宅勤務/アジャイル開発,株式会社メンバーズエッジ,"Kitakyushu, Japan",https://stackoverflow.com/jobs/319071
プログラマ,株式会社ワールドインテック　SI事業部,"Fukuoka, Japan",https://stackoverflow.com/jobs/315870
≪PCの知識を活かせるお仕事 ≫オープニング/2次対応スタッフ 大手外資系PCメーカ法人向けサポート,日本コンセントリクス株式会社 福岡博多事業所,"Fukuoka, Japan",https://stackoverflow.com/jobs/336689
"システム開発(Web・オープン系,汎用系) その他 IT関連",パーソル パナソニック HRパートナーズ株式会社,"Fukuoka, Japan",https://stackoverflow.com/jobs/336688
